game_id,play_id,crp,n_defenders_in_radius,ball_land_x,ball_land_y,num_frames_output,min_def_dist_arrival,rec_dist_to_ball,rec_closing_v,sep_at_throw,crp_at_release,week
2023101900,78,0.5962,1,44.0800018310547,47.6199989318848,12,1.6571056604593712,0.4891809086935947,-0.09181913394732509,3.1009675909302943,0.0,7
2023101900,172,0.0,0,92.8499984741211,33.75,10,3.8484920618217027,3.0904516686263923,0.4943633378468976,0.8628441342444185,0.0,7
2023101900,227,0.2038,1,91.25,18.3899993896484,8,2.3884937088604863,1.6322066123175818,-0.4432721553381552,3.437397271192259,0.0,7
2023101900,340,0.0,0,84.0999984741211,24.8799991607666,5,5.221205033832051,1.2159344179650866,-0.2901230504000905,5.337312057581045,0.0,7
2023101900,385,0.0,0,77.4199981689453,26.3600006103516,6,3.768605751023057,0.6356080227604511,-0.3639846965096727,4.548593189108027,0.0,7
2023101900,491,0.0,0,58.7599983215332,13.0900001525879,9,7.527361843598707,2.349744261117419,-0.5408575570173555,7.389681995864234,0.0,7
2023101900,543,0.0,0,31.4599990844727,31.6499996185303,10,3.2469668261236664,2.5063908572678257,-0.33061255444487425,2.513821791615309,0.0,7
2023101900,610,0.0,0,64.9599990844727,36.3400001525879,11,5.827693107217039,2.0785821726040354,-0.425230641921183,2.362562168494196,0.0,7
2023101900,680,0.0,0,65.0999984741211,25.3400001525879,8,3.5387130083197498,0.380524436058842,-0.12043219692210541,4.702020842148624,0.0,7
2023101900,705,0.0,0,42.8899993896484,20.25,14,10.154063138959732,11.034732142292786,0.28058239311669314,2.85043856274784,0.0,7
2023101900,842,0.0712,1,1.44000005722046,40.7999992370605,16,2.8319596867305803,0.2000006446843033,-0.3869567780414448,2.2299103120977777,0.0,7
2023101900,867,0.9387,1,5.51000022888184,4.38000011444092,13,0.18384778178297545,0.9827005219582436,-0.6110676987697546,0.9241753080449602,0.2479,7
2023101900,977,0.0,0,48.7599983215332,4.82999992370605,14,4.609643071190794,3.1787432297231297,-0.6535222922530819,3.4798850555729572,0.0,7
2023101900,1027,0.0,0,58.1500015258789,7.30999994277954,16,4.090111548388196,2.960136568295879,-0.48798977575388514,2.1772000367444417,0.0,7
2023101900,1173,0.0,0,38.8800010681152,5.73999977111816,11,4.273510344871778,2.8092160338852428,-0.31129816481967776,6.192721534188343,0.0,7
2023101900,1203,0.177,1,52.7299995422363,9.30000019073486,12,2.469109220768876,3.187883805329319,-0.6729128592545697,5.1151930559852765,0.0,7
2023101900,1277,0.6827,1,84.7300033569336,49.9900016784668,19,0.9518891129301141,2.2078008268367175,-0.6605727963799093,1.0412012293500224,0.0,7
2023101900,1300,0.648,1,64.7099990844727,32.3499984741211,7,1.0560319555837414,5.023556041442804,-0.30378312047200134,2.0715453169071596,0.8116,7
2023101900,1386,0.0,0,51.7900009155273,4.19000005722046,16,3.490444758475572,6.525771662307471,0.36635842891799486,3.9584087712109763,0.0,7
2023101900,1429,0.0,0,23.2600002288818,28.5599994659424,6,8.308453013617706,1.0340693165846684,-0.4027346950330723,9.371792784734414,0.0,7
2023101900,1526,0.0,0,60.4900016784668,24.0799999237061,6,9.920104228441366,1.8689285611487871,-0.477246731403218,9.604686356149267,0.0,7
2023101900,1553,0.3517,1,70.9700012207031,35.9599990844727,10,1.9448648455819213,1.3884159728181398,-0.2703027580282904,1.1352973178863888,0.0,7
2023101900,1650,0.0414,1,75.7699966430664,2.98000001907349,15,2.8757060162983166,1.4797939465146914,-0.5690001502083817,4.488763749630848,0.0,7
2023101900,1704,0.0,0,65.5699996948242,23.8199996948242,7,6.866622509910084,0.10049902950690491,-0.42946196064627035,8.762745003707458,0.0,7
2023101900,1751,0.0,0,70.3000030517578,27.3999996185303,7,3.1277599870075425,0.17493136997503492,0.3893650591356989,6.428763489194483,0.0,7
2023101900,1776,0.3167,1,71.0400009155273,11.8100004196167,9,2.049999014691667,1.601124196407912,-0.510269035435435,1.3440238093129124,0.0,7
2023101900,1835,0.0,0,97.5599975585938,17.3199996948242,9,6.2253119298773445,1.7132734267964371,-0.17570797441908945,1.686001186239206,0.0,7
2023101900,1928,0.1478,1,76.8899993896484,46.2400016784668,13,2.556657818411065,1.5587800082560854,-0.6913501239701485,2.207374005464411,0.0,7
2023101900,1958,0.0,0,70.4199981689453,13.5299997329712,9,3.871769183101129,2.336919924969873,-0.06016299251670931,6.050008264457163,0.0,7
2023101900,2017,0.0,0,64.5599975585938,47.4000015258789,12,5.695304937731506,1.1903754326525209,-0.43959263446921115,8.721387504290814,0.0,7
2023101900,2070,0.1003,1,57.1399993896484,20.9799995422363,10,2.729633407292725,1.301728882485352,-0.10608956394787195,6.250503979680357,0.0,7
2023101900,2142,0.0,0,41.8699989318848,27.1499996185303,6,6.513838078956345,1.2400392569209175,-0.19187878630580626,6.468755676326009,0.0,7
2023101900,2174,0.0,0,34.4300003051758,44.2900009155273,9,5.337687715682428,1.9031811442999036,-0.4682731635687025,4.632893264473075,0.0,7
2023101900,2211,0.2592,1,18.4200000762939,7.98000001907349,16,2.22252116962383,2.781959815222532,-0.6279888674520154,1.1054863183232957,0.0,7
2023101900,2393,0.0209,1,71.8899993896484,48.3699989318848,16,2.9374304996143636,3.1240520017158815,-0.7129694718956252,2.3471898091121726,0.0,7
2023101900,2455,0.0,0,74.5100021362305,27.9400005340576,6,11.839131204394656,1.6003144618020875,-0.03583483285162379,11.516305831298505,0.0,7
2023101900,2480,0.1306,1,63.2299995422363,20.6499996185303,8,2.6184151420545057,1.6026222646554187,-0.14341345230619726,1.7132717239247237,0.0,7
2023101900,2527,0.0,0,49.0999984741211,43.8699989318848,10,12.79379782141785,1.6914500869401388,-0.35179251695578795,12.759412212167142,0.0,7
2023101900,2631,0.0,0,36.9599990844727,1.17999994754791,12,6.1263521477201985,6.627766519725532,-0.6079010987552833,6.693526723633815,0.0,7
2023101900,2654,0.0,0,40.25,42.9099998474121,9,8.115294226238385,1.7560183152479818,-0.3930222161829032,9.990495483208027,0.0,7
2023101900,2785,0.0,0,37.2599983215332,41.8300018310547,8,3.407712007954386,1.8811165444335136,-0.08096640176357345,4.505873944086763,0.0,7
2023101900,2880,0.6428,1,93.0599975585938,40.3600006103516,9,1.4811127351044497,2.2083905686755556,-0.3357690204016657,1.1119802156513403,0.0921,7
2023101900,2903,0.4842,1,83.7900009155273,28.1499996185303,11,2.010199943960319,1.7990283148990318,0.5094046345362053,0.9398404119849261,0.0,7
2023101900,2969,0.39,1,81.129997253418,4.28999996185303,11,1.8298880124893615,1.3857104347495137,-0.3686151862337812,1.0044899203078128,0.0,7
2023101900,3023,0.0,0,66.1800003051758,38.0400009155273,9,6.405693046959584,1.5505156553896735,-0.28769976015255516,7.729999999999997,0.0,7
2023101900,3053,0.0,0,55.9099998474121,43.0299987792969,9,11.119015020478932,2.4940134376833605,-0.49214277919079824,10.498618956796175,0.0,7
2023101900,3083,0.0,0,43.0,50.9900016784668,12,3.549493370762896,0.4569457251739778,-0.5717920758127933,6.300507916033441,0.0,7
2023101900,3160,0.2348,1,36.3699989318848,27.4699993133545,7,2.3960998134682976,0.6360027883709102,0.2247632724892033,5.576925676391967,0.0,7
2023101900,3640,0.0,0,19.7299995422363,8.75,11,4.727843495704306,1.9173161448600757,-0.09762810013826946,5.605943274775442,0.0,7
2023101900,3665,0.0,0,59.2400016784668,-1.55999994277954,30,3.1187348441637446,6.779861278971716,0.7860450288625541,2.629923953273172,0.0,7
2023101900,3730,1.0239,1,61.5499992370605,52.4500007629395,23,0.5408334954051949,0.4304638193072116,-0.5508541011065089,1.8943336559328654,0.0,7
2023101900,3875,0.0,0,62.6199989318848,36.6699981689453,8,3.4155253628150244,0.9972478654066622,-0.3085900165688116,3.91369390729526,0.0,7
2023101900,3907,0.4202,1,89.2399978637695,8.28999996185303,16,1.852698596189442,1.2332898733044066,-0.7599198451201459,4.255561067591431,0.0,7
2023101900,3932,0.9227,1,111.730003356934,52.4300003051758,19,1.2580175007681318,0.3716191593177359,-0.07813212676869787,1.1125196627475824,0.0003,7
2023101900,4066,0.0985,1,44.2400016784668,51.8199996948242,15,2.7768318840907127,3.7845065191526186,0.6298958084421851,1.7298554852934998,0.0,7
2023101900,4089,0.4923,1,27.6100006103516,51.7900009155273,27,1.5231879322828565,1.9815651966724517,-0.7994359067759571,1.3185598204101272,0.0,7
2023101900,4155,0.0,0,22.5900001525879,16.1299991607666,7,5.270634824096172,1.3810138240182834,-0.2102195484444379,2.2740272645683053,0.0,7
2023101900,4274,0.0775,1,52.7999992370605,22.7399997711182,5,2.79635410379378,0.9244449835049277,0.05224865030463244,1.4741099009232643,0.0,7
2023101900,4336,0.0,0,45.3499984741211,27.3299999237061,10,4.179724095378884,0.4909190267101333,-0.4886843260208802,2.987791826750987,0.0,7
2023101900,4361,0.0,0,53.1500015258789,24.4599990844727,6,7.797697805798804,1.5297045373806168,-0.19568400574873615,6.1859356608358,0.0,7
2023101900,4411,0.0,0,67.9599990844727,10.8699998855591,10,8.197665199972194,1.865744000446545,-0.07545152813670938,10.053337754198852,0.0,7
2023101900,4493,0.5453,1,96.4300003051758,22.2999992370605,6,1.7140586881083744,0.8060389099577253,0.19237415900631427,1.5404220200970926,0.1131,7
2023101900,4586,0.0,0,116.26000213623,47.7900009155273,16,3.004665321843964,0.9080175146388951,-0.6075578697985163,2.761340254296814,0.0,7
2023101900,4616,0.7723,1,114.580001831055,50.6800003051758,21,0.754521045472201,1.4135412173674644,-0.3429312612027684,1.6577394246382686,0.0886,7
2023102200,55,0.0,0,32.7299995422363,10.9799995422363,6,4.404475508434034,1.3732081397563976,-0.44902544587337406,3.668487426719631,0.0,7
2023102200,80,0.0,0,41.1599998474121,15.5799999237061,6,4.445964377009551,0.46647624317780384,0.022099681569547384,5.826259520481387,0.0,7
2023102200,110,0.0,0,66.6699981689453,21.2900009155273,14,6.0961114690209595,0.5703525670893863,-0.23357126689890784,6.535174060421036,0.0,7
2023102200,291,0.3161,1,59.5200004577637,1.86000001430511,15,2.051560839731594,1.6368266120276058,-0.6892191408802244,2.1825672956406157,0.0,7
2023102200,389,0.0,0,43.5200004577637,45.310001373291,11,3.2330321152637986,0.5635590724379103,-0.24459337728602182,8.196413849971218,0.0,7
2023102200,421,0.0,0,54.3499984741211,34.1399993896484,9,3.306189814404184,2.32215274510201,0.33939072752504823,0.8348652585896754,0.0,7
2023102200,478,0.0,0,55.6100006103516,29.3799991607666,10,6.825898196856467,0.9676767918133102,-0.2856254381498874,5.594649229397678,0.0,7
2023102200,537,0.0,0,73.129997253418,13.4899997711182,12,4.434233109875091,0.908022470275987,0.03717012791188873,4.143235450707575,0.0,7
2023102200,584,0.0028,1,89.1100006103516,7.55000019073486,10,2.9916711698053895,1.1610764553450275,-0.00530463865461891,2.89774049907854,0.0,7
2023102200,661,0.0,0,97.4499969482422,44.0699996948242,9,4.044565745882137,1.0500020751977457,-0.2721093210816166,5.334641506230774,0.0,7
2023102200,686,0.0,0,117.660003662109,30.7700004577637,15,3.9145392221549806,0.7302775694092012,0.17003185540234644,2.850438562747845,0.0,7
2023102200,754,0.0,0,85.4800033569336,11.6300001144409,8,6.153936768092247,0.6711902300629311,-0.1124459037839983,8.687427697540853,0.0,7
2023102200,801,0.0,0,71.0800018310547,44.7000007629395,11,4.559234170351069,4.8344819355677675,-0.6980059803010078,2.2302690420664573,0.0,7
2023102200,857,0.0873,1,32.939998626709,37.6300010681152,14,2.7799631371563795,2.777356340623362,-0.4184568621071008,6.14772315577076,0.0,7
2023102200,922,0.0,0,36.9599990844727,2.79999995231628,19,7.305511172110645,3.7479054761589845,0.689819346433793,2.2005681084665385,0.0,7
2023102200,967,0.0,0,55.5099983215332,50.189998626709,18,5.082539775072133,2.394600093959328,-0.6897812421843795,2.1718655575334345,0.0,7
2023102200,1017,0.0,0,59.5499992370605,31.5499992370605,9,13.265352289875725,2.7997318003136553,-0.46111629956857864,15.037170611521306,0.0,7
2023102200,1092,0.2877,1,23.7700004577637,38.4199981689453,7,2.333494271242084,1.847648418489947,-0.3896650513254752,1.4173919711921599,0.0,7
2023102200,1198,0.0,0,33.0800018310547,30.4899997711182,9,11.18129058451841,3.6852121726336753,-0.43609676027514693,8.745856161634489,0.0,7
2023102200,1316,0.0,0,22.8799991607666,47.7200012207031,12,3.1072828088975015,2.444012185474192,-0.5757911140008393,3.5769400330450045,0.0,7
2023102200,1478,0.6635,1,52.4099998474121,13.6899995803833,9,1.6671234263842036,1.6949928096743185,-0.09932783184317764,3.646422904710863,0.0875,7
2023102200,1523,0.0,0,60.2599983215332,39.7799987792969,10,3.9645571956182577,3.121875607053009,-0.38854363919430607,1.1667476162392658,0.0,7
2023102200,1546,0.0,0,61.6199989318848,40.4199981689453,11,5.658005133585435,1.7998076645572474,-0.25277229781293964,2.8199645387841374,0.0,7
2023102200,1576,0.7578,1,79.4700012207031,11.0799999237061,16,0.726704266244276,1.4591084561741516,-0.32375040204675964,0.7640026177965623,0.0,7
2023102200,1639,0.0,0,64.9100036621094,48.0499992370605,14,4.443747047650195,1.8054395568454762,-0.16654843729639876,5.291852227717625,0.0,7
2023102200,1686,0.0,0,42.0900001525879,26.5499992370605,9,4.78753547770852,2.6067984109483295,0.03241705579388227,2.135602959353632,0.0,7
2023102200,1785,0.0,0,35.0200004577637,25.0499992370605,6,5.141254353038018,2.892489917312348,-0.18802302234690008,4.478448392021508,0.0,7
2023102200,1810,0.0,0,41.6699981689453,5.82000017166138,11,3.1260533797751333,2.183301987091326,-0.5672853186371126,2.848034409904487,0.0,7
2023102200,1874,0.4253,1,50.0400009155273,45.2999992370605,10,1.7240929595600898,2.1441075699997354,-0.4404106991402645,0.9340770846134688,0.1286,7
2023102200,1904,0.3476,1,57.2599983215332,14.6499996185303,11,1.9572700425836136,1.5772453167816565,-0.6828909047817415,3.446113753200842,0.3994,7
2023102200,1927,0.3013,1,68.5400009155273,8.57999992370605,18,2.09609097063527,2.036785817800032,-0.7181222695785424,1.0171037311896935,0.0,7
2023102200,2027,0.0,0,78.4300003051758,22.9200000762939,8,3.5246559661284924,3.1859691080917085,-0.020083256970788534,1.4150971698084873,0.0,7
2023102200,2241,0.4768,1,50.7299995422363,34.4000015258789,12,1.8417387931596048,4.09765755704851,-0.48138306694544675,2.956298361126633,0.0,7
2023102200,2343,0.0,0,69.75,36.2000007629395,8,4.619892108863041,2.770288804625922,-0.31645444288926444,1.0064790112068935,0.0,7
2023102200,2420,0.8477,1,107.180000305176,25.9300003051758,7,1.0183316278105659,1.8233208794782196,0.2573176109036675,0.9192388155425089,0.7909,7
2023102200,2466,0.9293,1,116.339996337891,32.3600006103516,13,0.3640027948819782,0.9626033008250302,-0.25538023234889384,2.177544488638521,0.0,7
2023102200,2518,0.0,0,99.5999984741211,38.5400009155273,6,4.950647837159449,1.1681170500553764,-0.29492933067788074,2.3745315327449332,0.0,7
2023102200,2565,0.6355,2,3.4300000667572,28.4599990844727,12,2.1523248562686206,0.8022459368348491,0.28929534730583467,1.9912307751739864,0.482,7
2023102200,2639,0.0,0,50.4500007629395,23.3899993896484,6,4.548515776295889,1.4795939367861297,-0.19190843390368678,4.7668123520860375,0.0,7
2023102200,2671,0.0,0,71.4800033569336,46.9500007629395,17,9.794005889997395,12.121554324506237,0.2247108998195459,2.0778113485107355,0.0,7
2023102200,2786,1.2762,2,108.519996643066,20.4400005340576,24,0.12806543970787868,6.548096532400871,0.35998995215248786,4.370011441632625,1.0121,7
2023102200,2970,0.0,0,36.3499984741211,44.0099983215332,9,4.064332264842321,1.0339268185625277,-0.7090614557859329,7.615543316139698,0.0,7
2023102200,3022,0.0,0,58.8800010681152,41.4199981689453,8,4.945401325661596,0.9900510139060531,-0.5657170404234916,6.388747921150126,0.0,7
2023102200,3047,0.0,0,63.9000015258789,42.7599983215332,8,6.178218568007893,0.912195244890079,-0.580903151044805,6.639917168158046,0.0,7
2023102200,3116,0.0,0,61.7400016784668,31.6100006103516,9,5.90800402479634,2.1727645990329365,-0.20416744839942466,7.300006849311859,0.0,7
2023102200,3152,0.3317,1,31.5499992370605,36.3400001525879,9,2.0047935109344306,1.4773278925231317,-0.19056919322859103,1.7348486965727006,0.0,7
2023102200,3273,0.0,0,76.1399993896484,17.5900001525879,9,3.2053856442394126,0.3832759431647421,-0.5355015835461143,3.507206865869192,0.0,7
2023102200,3405,0.0,0,90.9100036621094,41.7299995422363,10,4.372467940897722,3.2620373927461017,-0.3034962177949164,5.796559324288855,0.0,7
2023102200,3498,0.0,0,89.9800033569336,44.0499992370605,8,10.82830878088028,1.4590771253608403,-0.5206429790487679,11.334795984048416,0.0,7
2023102200,3523,0.0,0,81.8399963378906,34.310001373291,7,5.702215665681176,1.9067210467610864,-0.25897778253501047,6.8872345683881,0.0,7
2023102200,3553,0.39,1,72.7600021362305,47.0,10,1.8300294350526043,0.5966594321989157,-0.184578351167338,5.396072645915728,0.0,7
2023102200,3583,0.0,0,72.0500030517578,26.3700008392334,7,8.003963752787135,2.740404595069031,-0.2922151338407269,4.6158856138340365,0.0,7
2023102200,3608,0.1469,1,57.5,31.6800003051758,9,2.559316374576594,1.2175385756129342,-0.15792951050995635,0.8052949770115283,0.0,7
2023102200,3633,0.0,0,54.5400009155273,34.3600006103516,7,3.4891411244221278,1.0834213177292085,-0.015860496646933692,4.475175974193645,0.0,7
2023102200,3658,0.1538,1,44.2900009155273,15.6999998092651,10,2.538701383124389,0.6152240400924217,-0.3604292879902492,5.2185246957353755,0.0,7
2023102200,3683,0.0,0,49.0900001525879,4.8600001335144,9,11.5417720832188,1.1800425701221362,-0.18001225098966506,10.723105893350116,0.0,7
2023102200,3708,0.2525,1,36.3199996948242,44.5499992370605,12,2.2483099942402784,1.8783238686181447,-0.552890966855771,3.0901456276363453,0.0,7
2023102200,3761,0.5832,1,26.4500007629395,39.3499984741211,7,1.3660543887043746,0.9208706459568575,-0.02977332574616542,1.0331505214633547,0.151,7
2023102200,3784,0.0,0,32.2400016784668,9.05000019073486,10,10.12258036646818,0.7454512393203624,0.06958928700270323,10.64575502254302,0.0,7
2023102200,3807,0.676,1,19.8899993896484,11.5799999237061,13,0.9718532940076583,1.240845894392493,-0.5040956998617837,0.9985990186255946,0.0,7
2023102200,3886,0.1253,1,60.560001373291,50.4599990844727,24,2.6926746223238767,2.005243125121629,0.43560446997462077,1.2432618388738557,0.0,7
2023102200,3950,0.8503,1,32.4000015258789,3.24000000953674,25,0.4491099350231058,0.8905067307510895,-0.9235432422900092,1.3138112497615482,0.0,7
2023102200,3980,0.0,0,48.9900016784668,0.600000023841858,16,6.351376389520759,5.948015121354397,0.4996560791450174,1.0823123393919158,0.0,7
2023102200,4003,0.3235,1,65.8300018310547,31.1700000762939,7,2.2046558836496386,1.5133094576225308,-0.1712896142854651,1.7833956375409203,0.1227,7
2023102200,4028,0.526,1,59.060001373291,9.05000019073486,12,1.4221475775395775,2.090096898183095,-0.6913557441017494,2.174511439381272,0.017,7
2023102200,4053,0.547,1,13.5299997329712,6.46999979019165,30,1.5939889880940665,1.1225416161314619,-0.8968026645073611,1.6933103672983287,0.0,7
2023102201,107,0.0,0,82.3000030517578,17.3199996948242,7,8.801553961445665,1.3682121428282952,-0.47947417734428854,9.252983302697578,0.0,7
2023102201,173,0.0,0,60.189998626709,49.2900009155273,11,3.9573365939850516,0.4701080165705579,-0.10415787785499492,4.4829566136646894,0.0,7
2023102201,225,0.0,0,68.6800003051758,34.0999984741211,6,4.394551895090678,1.6337087066506004,0.0849563794030401,2.1789217516927954,0.0,7
2023102201,302,0.2118,1,87.8399963378906,38.0299987792969,7,2.402997091039912,3.6975697123054467,0.053314007950517085,1.4805404418657437,0.0,7
2023102201,424,0.0,0,61.2599983215332,5.94999980926514,11,5.0585357127465045,3.393699058305364,-0.31373565689173066,5.023116562454032,0.0,7
2023102201,485,0.0,0,50.7599983215332,29.6100006103516,10,3.91760056922271,1.8160382137235966,-0.1319583433712557,2.0554318281081474,0.0,7
2023102201,755,0.0,0,58.25,26.9500007629395,14,4.410044896249788,6.350283451031761,0.6825854068686983,2.7882969712711696,0.0105,7
2023102201,834,0.0,0,54.3699989318848,32.8300018310547,9,4.572000005634125,2.349553132120791,-0.3093775863581439,4.561578674099569,0.0,7
2023102201,894,0.239,1,71.2799987792969,47.7700004577637,14,2.283003707742732,0.9868143557090621,-0.4354529748609633,2.4229733799610775,0.0,7
2023102201,917,0.0,0,77.870002746582,55.8600006103516,17,6.290707818068112,4.701585709611458,0.4527830664002463,1.3518135966175229,0.0,7
2023102201,1040,0.1984,1,35.2099990844727,4.88000011444092,12,2.4046838378879705,1.3885251581692462,-0.6531651630426705,4.210855020064215,0.0,7
2023102201,1162,0.2902,1,37.810001373291,25.75,9,2.2344564574863206,1.71839945999278,-0.1048254573316502,2.2723776094654684,0.0,7
2023102201,1187,0.0,0,41.5200004577637,2.34999990463257,12,3.5056521123884083,3.281249330066439,-0.25358875263593217,2.8890136725187006,0.0,7
2023102201,1303,0.0,0,81.25,25.7800006866455,6,6.225086880855136,1.0024467868906346,-0.33433459822046624,6.750770326414612,0.0,7
2023102201,1396,0.0,0,94.9499969482422,6.32999992370605,10,4.570831156135075,0.9507920795960495,-0.3184350740127164,4.16192263263026,0.0,7
2023102201,1527,0.0,0,78.4499969482422,42.7900009155273,12,5.277439382577314,4.006217620196368,-0.17622883102366216,4.860874406935447,0.0,7
2023102201,1552,0.2879,1,67.3300018310547,10.9300003051758,12,2.13637723647691,1.507648932596242,-0.6399297340613282,3.680896629898749,0.0,7
2023102201,1582,0.0,0,64.5800018310547,6.69000005722046,9,4.413118623503212,2.416610828500682,-0.46100005459721244,3.808884351092847,0.0,7
2023102201,1634,0.0,0,52.6599998474121,36.5099983215332,9,3.727866477834917,3.0295222534636252,-0.37451879076362027,4.764136857815907,0.0,7
2023102201,1682,0.0,0,45.4199981689453,24.75,7,9.020253574503492,2.24970983914701,-0.2924994214703394,9.548465845359662,0.0,7
2023102201,1764,0.0,0,31.6700000762939,0.25,18,3.2347178805176635,2.83351366266582,0.5959814890740793,2.430329195808666,0.0,7
2023102201,1843,0.0,0,27.0,35.4199981689453,9,4.385910587567006,1.6223766196538632,0.5163475231766697,4.804175267410632,0.0,7
2023102201,1873,0.4173,2,24.6900005340576,29.2600002288818,8,2.349170481270689,1.5205264675518226,0.5247213525738059,1.18802356878978,0.0309,7
2023102201,1946,0.0,0,36.060001373291,1.46000003814697,10,3.398896587840451,0.9308584472047219,-0.23872448838885546,3.1368296096536725,0.0,7
2023102201,1976,0.649,1,41.810001373291,14.460000038147,8,1.3393276813965456,1.004190286910883,-0.004843726011009838,1.576863976378432,0.0,7
2023102201,2001,0.0,0,50.4300003051758,48.0900001525879,13,6.550457685947262,1.633431645658949,-0.6108619109809907,5.5810572475114455,0.0,7
2023102201,2089,0.0,0,60.7999992370605,3.28999996185303,12,3.0852059101156963,1.7634349134402367,-0.0043659117971566064,3.980577847499027,0.0,7
2023102201,2367,0.1082,1,57.4500007629395,27.5,9,2.675295049349702,2.0181434665946276,-0.2169346438977233,1.4598972566588366,0.0,7
2023102201,2668,0.0,0,76.1800003051758,19.7999992370605,7,15.368047585016038,0.9484718930392032,-0.4174078419978905,17.178405048199316,0.0,7
2023102201,2693,0.0,0,89.2699966430664,47.4700012207031,11,3.24230213464707,2.170392922547732,-0.5129875097966503,3.763243282064019,0.0,7
2023102201,2765,0.7319,1,116.230003356934,5.25,19,0.80430302557262,1.1810589890876189,-0.3240949314313799,0.9761659694949373,0.0,7
2023102201,2788,0.0,0,105.099998474121,6.44000005722046,11,5.314133518533259,0.6132712942708018,0.009965987777551071,6.7984262884876525,0.0,7
2023102201,2857,0.0,0,74.0100021362305,51.939998626709,18,3.1054140138661617,2.163746058628911,0.2027113806984596,0.7840918313565074,0.0,7
2023102201,2880,0.0,0,81.7399978637695,16.5100002288818,7,3.573301865620081,1.7593444292531952,-0.35965074102506966,5.122538433237958,0.0,7
2023102201,2905,0.0,0,69.3099975585938,4.23999977111816,11,3.7833822984490175,1.3829293498718997,-0.4829796116512616,5.43445489446733,0.0,7
2023102201,2935,0.0491,1,67.7699966430664,10.1300001144409,11,2.8527153387225965,1.9278196253421287,-0.28973988616712826,3.5784074670165817,0.0,7
2023102201,2960,0.8326,1,63.1399993896484,11.1300001144409,9,1.0817110417164517,0.7397972834498078,0.1762465109929954,3.3577373333838936,0.106,7
2023102201,3005,0.3716,1,53.0699996948242,19.5200004577637,13,1.8853384136112672,2.1255823248528545,-0.2548289630883596,0.8329465769183503,0.0,7
2023102201,3129,0.8905,1,114.730003356934,51.5299987792969,20,1.1808887406468056,0.47759588268858855,0.1823347310704423,0.740000000000002,0.0,7
2023102201,3197,0.0242,1,103.849998474121,48.9700012207031,10,2.9274067705727127,1.621142297843616,-0.42365921540941676,1.3891724155049925,0.0,7
2023102201,3249,0.0,0,102.129997253418,44.7700004577637,9,3.486921034580411,1.393019912613006,-0.5101771828932488,3.006958596322866,0.0,7
2023102201,3284,0.0,0,114.180000305176,50.7799987792969,19,4.303032874490729,0.14764792057089354,0.4203570636096154,2.8579713084633895,0.0,7
2023102201,3481,0.4172,1,61.3199996948242,6.09000015258789,11,1.9393294624787594,1.5058550522798049,-0.5945680486099559,2.1838727069131103,0.0,7
2023102201,3726,0.5541,1,48.7799987792969,47.5699996948242,17,1.3376484429531987,2.3176723853137813,-0.5688576547534265,2.0175727991822283,0.0,7
2023102201,3799,0.0,0,39.3899993896484,25.7000007629395,9,4.728224558304767,2.1918494475797576,-0.20597780696073123,5.859496565405598,0.0,7
2023102201,3826,0.0,0,35.1800003051758,41.5099983215332,8,5.160038460876754,1.802053686327396,-0.4885319206406009,6.152934259359512,0.0,7
2023102201,3849,0.0,0,29.3500003814697,16.3199996948242,8,12.571618417904139,2.2231954588836973,-0.5209225165061576,14.809253863716432,0.0,7
2023102201,3874,0.3745,1,44.2099990844727,46.2999992370605,13,1.894228783039769,1.4453384995554757,-0.5559741147289727,3.2171105047853104,0.0,7
2023102201,3904,0.5939,1,76.5899963378906,9.25,24,1.2182804484149072,2.221441105667876,0.07005281556969642,4.170083932009043,0.0,7
2023102201,4037,0.2979,1,60.6800003051758,49.4199981689453,14,2.106227969273097,1.0282519037388165,-0.7008379974989486,4.320185181216194,0.0,7
2023102201,4062,0.0,0,62.0499992370605,10.960000038147,10,6.9524823325385245,1.386543156796759,-0.4575678574347575,7.350435361255826,0.0,7
2023102201,4092,0.0,0,68.1699981689453,28.5,5,8.450853858920286,2.0056186549212787,-0.19873328835005438,8.132976085050297,0.0,7
2023102201,4117,0.0,0,75.6699981689453,34.4300003051758,6,11.238973486783584,1.7748537726556872,-0.39979616503370724,11.58813617455369,0.0,7
2023102201,4142,0.0,0,89.0800018310547,42.0699996948242,8,5.689585125485846,1.6105894575845223,-0.5901838161979103,9.422064529602842,0.0,7
2023102201,4167,0.0,0,94.7699966430664,44.7299995422363,10,4.900258440949562,2.059735778606737,-0.37628456466262394,5.180463299744528,0.0,7
2023102201,4199,0.0,0,94.5899963378906,26.25,6,6.092006044522455,3.804947751624421,0.06558724293416267,2.885914066634699,0.0,7
2023102201,4224,0.0,0,105.400001525879,14.5299997329712,7,3.64780611726398,2.2601982350468264,0.21015508769906557,5.10956945348626,0.0,7
2023102202,62,0.9009,1,82.379997253418,19.5200004577637,6,0.29732356122006465,2.429920476547851,-0.016690706153704264,3.1780497164141486,1.0328,7
2023102202,205,0.0,0,42.189998626709,20.2099990844727,6,4.704859793476566,1.7647671709682704,-0.17484815543564697,4.6907781870389025,0.0,7
2023102202,230,1.1836,2,54.3400001525879,6.55000019073486,9,0.9794896151356174,0.9702063201453496,0.25042437187931377,0.9861541461658013,0.6515,7
2023102202,287,0.0,0,67.9300003051758,2.40000009536743,16,3.734019468306826,0.434165881858616,-0.5018650324661035,3.6670560399317624,0.0,7
2023102202,443,1.8457,2,57.25,48.6399993896484,17,0.9462552827112314,1.8852050993464455,0.02166283974355374,5.858028678659744,0.4605,7
2023102202,634,0.0,0,103.599998474121,13.9399995803833,7,3.6799169248038104,1.7246725790024724,-0.02185648585845696,6.911222757226101,0.0,7
2023102202,685,0.0,0,89.4000015258789,49.3699989318848,26,9.85686166908639,13.185477358263798,0.647878354445367,2.1889952032839157,0.0,7
2023102202,715,0.5577,1,68.0899963378906,47.3600006103516,20,1.7944662557653088,0.46324598043873777,0.15353179029368633,0.9082400563727645,0.0,7
2023102202,938,0.8815,1,66.870002746582,10.8900003433228,15,0.7920207893118745,3.2704301703992984,-0.1147122569680516,8.282686762156347,0.2805,7
2023102202,1295,0.5189,1,74.8199996948242,45.1599998474121,9,2.1511157156279506,0.24999974975595607,-0.37502057071764733,2.912473175842142,0.6624,7
2023102202,1375,0.0,0,45.6699981689453,18.0100002288818,9,5.559926816335439,0.6603031340870584,0.28816487128686336,2.8536467896360214,0.0,7
2023102202,1400,0.0,0,46.2599983215332,5.73999977111816,10,6.297561329857059,0.46389698424346176,0.5499989564997005,8.585621701426167,0.0,7
2023102202,1603,0.0,0,90.2300033569336,22.7700004577637,8,5.197085015711616,1.3059887270521582,-0.5391924168862311,5.459029217727278,0.0,7
2023102202,1692,0.0,0,89.6399993896484,41.1800003051758,7,4.4146343082343416,0.11180394479081139,0.6079616435436024,5.849529895641195,0.0,7
2023102202,1717,0.0,0,65.4800033569336,40.8499984741211,14,8.188878950031295,0.396235828825264,-0.5991146018737388,8.619153090646432,0.0,7
2023102202,1810,0.0,0,17.2600002288818,7.25,13,5.807064889215819,0.19723094528093815,0.5275216450482564,3.444139950698868,0.0,7
2023102202,1896,0.1326,1,52.9000015258789,48.9300003051758,20,2.707805088709284,1.0689256640186804,0.6769708133242083,5.660830327787612,0.0,7
2023102202,1922,0.0,0,48.189998626709,28.5200004577637,7,3.5741850963241295,0.5536252565452017,0.3576183917136257,2.49647751842471,0.0,7
2023102202,2068,0.0,0,65.9300003051758,43.5299987792969,11,5.527648047056765,1.015332752424573,-0.06495554942513604,6.222443250042539,0.0,7
2023102202,2380,0.0,0,43.3600006103516,23.8099994659424,7,5.685463424622689,0.6397648033470567,-0.17144002929871976,7.702940996788174,0.0,7
2023102202,2405,0.2134,1,48.8699989318848,5.48000001907349,9,2.39150685774893,0.7702587579709295,0.40813293740088313,6.370282568301033,0.0,7
2023102202,2435,0.0,0,59.1100006103516,41.8800010681152,10,4.7099987715217075,0.702138363758798,-0.026375926692573895,6.423846199902366,0.0,7
2023102202,2460,0.0,0,62.5200004577637,13.0500001907349,11,5.010358808540541,0.15132793846065845,-0.06336065879727266,7.615989758396479,0.0,7
2023102202,2728,0.6313,1,43.5200004577637,1.44000005722046,14,1.4600341858193577,0.6746849607745593,0.12353206474245595,1.7014111789923103,0.2507,7
2023102202,2867,0.708,2,64.6399993896484,35.3199996948242,5,2.0134056504423152,7.713137467561798,-0.44358771203456043,5.63237072643483,0.5347,7
2023102202,2931,0.3045,1,74.2699966430664,50.25,11,2.086554496767337,0.40162062597498205,0.24694762615777843,1.5156846637740973,0.0,7
2023102202,3330,0.4142,1,50.0400009155273,7.3899998664856,12,1.7572698350723974,7.734499812780303,-0.33701503738362937,0.6407027391856547,0.3705,7
2023102202,3353,0.0,0,44.0699996948242,24.5699996948242,7,4.4058596610681455,0.3301517761768049,-0.20434505590790944,7.191084758226676,0.0,7
2023102202,3527,0.749,1,31.5599994659424,5.3600001335144,22,0.7529274650889338,0.27018500806610096,0.33177470570743656,0.8471717653463197,0.3535,7
2023102202,3607,0.4685,1,100.120002746582,34.189998626709,9,1.9525636498019538,0.2517961296425521,0.32587807614082354,2.1718655575334314,0.0,7
2023102202,3630,0.0,0,96.870002746582,39.3899993896484,7,3.8866028775137913,0.2996658397055904,0.2604840083273475,4.843345950889739,0.0,7
2023102202,3769,0.4471,1,51.9700012207031,50.75,18,1.6585542638379969,0.49517757428986386,-0.1883848573394121,3.377128958153652,0.0,7
2023102202,3824,0.8862,1,42.5,9.64000034332275,12,0.3413209934936397,0.7100700757543665,0.19148024553837176,0.6425729530566886,0.0,7
2023102202,3858,0.7197,1,15.7399997711182,14.6000003814697,29,0.8409515948978257,1.5140014883057393,-0.5214279169581469,2.8040863039500077,0.0,7
2023102202,4094,0.0,0,33.7799987792969,46.689998626709,13,6.99614018296664,12.766819992406454,-0.07140737108765802,1.0666770832824766,0.0,7
2023102202,4175,0.2198,1,48.9500007629395,21.5,11,2.3404697220639163,0.5731486760935368,-0.11981067419752933,2.466110297614447,0.6989,7
2023102202,4265,0.2187,1,84.6800003051758,44.6100006103516,6,2.344013667460715,0.5907625552868058,-0.07862407683704994,3.771180186625932,0.0106,7
2023102202,4513,0.0,0,81.8499984741211,15.5900001525879,9,4.3200104473131695,1.0375438796737464,-0.2486099072604037,4.593430090901573,0.0,7
2023102202,4536,0.0201,1,66.9100036621094,51.5699996948242,20,2.9606046419953977,0.5913510077929819,0.5065686276408267,1.6311039206623221,0.0,7
2023102202,4617,0.0,0,31.9300003051758,22.4500007629395,11,7.186995740208599,0.7066115596570022,-0.2779997869351842,5.263800908089137,0.0,7
2023102202,4664,0.5974,1,24.1800003051758,47.2099990844727,13,1.2078493965705819,0.3114491707139513,-0.5817010980041213,4.858662367359969,0.0,7
2023102202,4782,0.8229,1,4.17000007629395,5.92000007629395,13,1.6400303875038493,1.0955363300520295,0.6883088803975519,2.241093483101495,0.1597,7
2023102202,4938,1.0634,2,55.1500015258789,28.5599994659424,13,1.08018363380579,2.0271392783605875,-0.2978897295686249,3.5277188096558922,0.0,7
2023102203,56,0.0,0,88.870002746582,14.9099998474121,7,9.380220802653096,0.09999771119330231,-0.45850555041271646,6.551717332119874,0.0,7
2023102203,150,0.0,0,54.1399993896484,45.1599998474121,9,11.359471586859407,0.7621673338579561,-0.05027226155408698,6.7815190038810655,0.0,7
2023102203,291,0.6478,1,49.0800018310547,8.61999988555908,15,1.056455058221792,2.92058043511486,-0.6842732894757342,4.570700165182573,0.0,7
2023102203,318,0.0,0,53.3199996948242,10.1800003051758,11,4.675766968179936,1.2316651227543511,-0.14658099006637312,8.3828694371319,0.0,7
2023102203,422,0.0,0,21.6299991607666,32.5,12,3.6106640312274463,1.7535385363251002,-0.3394518350380779,1.0017983829094557,0.0,7
2023102203,567,1.3984,3,44.560001373291,18.8199996948242,7,0.5818936209988748,0.7692214815149281,0.4098790273236154,2.841214529035077,0.4276,7
2023102203,625,1.1289,2,63.939998626709,43.6500015258789,16,1.3951722682031678,0.18384765522399069,-0.621681248538717,2.000399960008,0.0,7
2023102203,913,0.3334,1,-0.819999992847443,44.0499992370605,14,2.295386378564666,1.7274258940795193,-0.053103469951729924,4.863342472004209,1.1712,7
2023102203,1031,0.0,0,41.5499992370605,29.7800006866455,6,5.985591253333218,0.9420201164095877,-0.0036021712053563833,6.506650443968851,0.0,7
2023102203,1106,0.0,0,94.5,8.6899995803833,9,7.888123938546299,0.6545989793462619,-0.32929539430340143,10.083431955440567,0.0,7
2023102203,1208,0.0625,1,69.1600036621094,52.2400016784668,18,2.812565126744531,0.8364805004910459,0.7758894705545091,2.6938633966851415,0.0,7
2023102203,1266,0.0,0,64.7900009155273,15.9099998474121,7,9.415226510311907,1.2557458930069094,0.084504361656898,5.324002253943932,0.0,7
2023102203,1347,0.2323,1,101.400001525879,13.3699998855591,10,2.30312760571157,0.5522671522171767,-0.16599991852301751,2.5088842141477956,0.0,7
2023102203,1415,0.0085,1,81.0299987792969,34.7000007629395,6,2.9795635169993413,0.5249747947838386,-0.19742399226150206,2.3120986138138666,0.0,7
2023102203,1462,0.0,0,64.7300033569336,25.25,8,5.406072425281971,2.4423996903803133,-0.28093576128376196,3.0438133976970403,0.0,7
2023102203,1487,0.0,0,54.9500007629395,35.8600006103516,7,3.336241037493414,0.478017636282085,-0.2375527597052898,1.8309833423600579,0.0,7
2023102203,1588,0.0,0,37.0,36.3800010681152,7,4.4621304723934285,1.0679411758630413,-0.299627576387571,4.682413907377261,0.0,7
2023102203,1706,0.0,0,46.1300010681152,6.44000005722046,12,3.4456918965612666,0.5099989318848049,-0.25988436363391865,5.083276502414559,0.0,7
2023102203,1743,0.0554,1,49.3899993896484,19.4400005340576,6,2.833831669893157,0.6578761219424072,-0.14477351612052042,2.5391730937452834,0.0,7
2023102203,1819,0.0,0,58.5299987792969,37.8199996948242,6,4.98181801392606,1.3845227506515931,-0.22706000506467214,5.882388970477895,0.0,7
2023102203,1983,0.0,0,80.0100021362305,24.5300006866455,8,3.5794550420185858,0.6720100813555508,0.6244473949446712,2.8085583490467196,0.0,7
2023102203,2008,0.0,0,72.8399963378906,45.9700012207031,11,5.367305766529493,0.6555152695167628,-0.45771859744754306,8.230218709123099,0.0,7
2023102203,2066,0.0,0,71.9000015258789,4.96999979019165,12,4.49088116433785,0.4004994021475391,-0.5508728093088441,6.029834160240233,0.0,7
2023102203,2152,0.0825,1,28.6499996185303,16.7299995422363,5,2.8230662853798503,0.30479502559879734,0.12348220497563644,3.041052449399713,0.0,7
2023102203,2199,0.0,0,-0.810000002384186,50.689998626709,17,6.9422755815791,4.361982985965322,0.24725522644395992,1.664001201922647,0.0,7
2023102203,2224,0.0,0,16.5400009155273,7.71999979019165,9,5.168540379804487,0.2399997901933962,-0.5959096416002034,9.42707802025633,0.0,7
2023102203,2322,0.3549,1,48.7900009155273,17.5200004577637,9,1.9768655816917398,0.15297085473553282,0.3273676023933804,3.794851775761471,0.0,7
2023102203,2347,0.2463,1,62.0800018310547,33.2099990844727,11,2.3842170297040326,0.42719842993551765,0.2268283802407102,5.631278718017779,0.0,7
2023102203,2438,0.0,0,79.9300003051758,10.9300003051758,7,5.1534937786147355,0.46615488017895795,-0.13902339715992887,9.000644421373392,0.0,7
2023102203,2580,0.0,0,72.0400009155273,39.2400016784668,11,6.274718009783256,2.4111833362854256,0.5916464821876913,5.918251430954929,0.0,7
2023102203,2603,0.0216,1,87.9199981689453,42.7700004577637,9,2.9562462016242463,0.31953246772177807,0.22206612305707107,10.688259914504325,0.0,7
2023102203,2628,0.0,0,66.9100036621094,50.0800018310547,10,3.2364218123535555,0.5507301838181322,-0.06877516861393311,4.889222842129412,0.0,7
2023102203,2729,0.7395,1,55.4799995422363,34.1800003051758,7,0.8407729743136283,0.26076836537657533,0.5335228919629628,5.608395492473762,0.2932,7
2023102203,2841,0.6689,1,76.0299987792969,38.9900016784668,10,1.059293648357956,0.16492230061057417,0.39636240435509046,6.133718285020921,0.0,7
2023102203,2866,0.7015,1,84.4100036621094,16.0599994659424,11,0.8953777824498226,0.40311633198534325,0.3287180502305322,5.141254710671316,0.0,7
2023102203,3099,0.796,1,18.1800003051758,31.1800003051758,11,0.9824964931901802,0.6481512687165388,-0.2254310731448893,1.1386395390991826,0.0,7
2023102203,3146,0.0,0,14.039999961853,7.44999980926514,12,3.7329077254835727,2.241985537609106,-0.6738613674615062,4.604628106590151,0.0,7
2023102203,3259,0.0,0,35.0,12.0500001907349,8,10.314964924806784,0.7335530858089048,-0.31949297725784015,11.781837717436101,0.0,7
2023102203,3284,0.0,0,51.5900001525879,33.7299995422363,8,4.435594184234159,1.5823084759032549,-0.2825239164380282,3.8101181084055673,0.0,7
2023102203,3343,0.6496,1,73.9599990844727,48.060001373291,10,1.0511906512526483,0.0824636668501774,-0.027403094832463552,4.764714052280585,0.0,7
2023102203,3368,0.0,0,76.4599990844727,15.9399995803833,9,3.170947237098629,0.9729345112924436,-0.3497420641830153,3.730160854440462,0.0,7
2023102203,3393,0.0,0,99.8899993896484,15.5699996948242,11,4.06695231233911,1.7041423101326136,-0.412649445808539,3.413209633175208,0.0,7
2023102203,3493,0.5639,2,87.4700012207031,30.0,8,1.4851944695244819,1.9691886664074756,-0.33444321971386154,3.3337666385036595,0.0,7
2023102203,3516,0.0,0,83.5299987792969,35.6699981689453,9,3.3614877622253774,1.8515126377793198,-0.34632921405220013,2.701795699160097,0.0,7
2023102203,3557,0.0,0,93.6800003051758,33.3899993896484,10,3.108520066393994,0.46840103547039375,0.6845328514803728,5.452641561665318,0.0,7
2023102203,3651,0.0,0,102.470001220703,45.6199989318848,8,6.130072620702539,1.424113902005933,-0.5407958674167258,5.7303141275151654,0.0,7
2023102203,3694,0.8313,1,109.190002441406,9.22000026702881,10,1.1063435432870725,0.5663901007989988,0.27552159918329183,1.1898319209031123,0.0,7
2023102203,3892,0.0,0,51.1599998474121,16.1900005340576,6,9.114674680829468,0.2607686403956125,-0.46820090692139527,9.070551251164398,0.0,7
2023102203,3917,0.2128,1,36.7200012207031,23.9699993133545,13,2.458801522193076,1.0017997811516908,-0.33608275556449624,2.7796582523756417,0.0,7
2023102203,3942,0.0361,1,29.3099994659424,15.0699996948242,8,2.891711683408523,0.9152589125233956,-0.17579352697003645,3.7701193615056803,0.0,7
2023102203,3974,0.4159,1,23.5200004577637,20.6200008392334,7,1.9318651107394118,0.7017843958059586,0.09668957086612981,1.1900420160649803,0.0,7
2023102203,4072,0.629,1,4.19999980926514,34.9099998474121,10,1.113059078023041,0.3047952533823926,0.1796394036492336,1.036966730420992,0.0,7
2023102203,4129,0.0,0,75.1699981689453,21.7199993133545,20,3.85249460070243,2.6636085023723313,-0.7834288658416164,1.4572576985557462,0.0,7
2023102204,215,0.0,0,31.75,23.0699996948242,7,14.123547489312346,1.399035331798033,-0.2960521170108185,13.959401849649577,0.0,7
2023102204,291,0.0,0,97.0100021362305,49.8899993896484,10,3.3066772378739855,2.104402021344009,-0.5786479339684497,4.43062072400697,0.0,7
2023102204,350,0.7184,1,67.6699981689453,49.9599990844727,23,1.2580161350123424,1.2316660965111859,-0.35502198776481225,1.3013838787997996,0.0,7
2023102204,471,0.5595,1,11.8699998855591,3.9300000667572,22,1.3213630046175553,1.5532224804012098,-0.506681662949419,1.2209013064126022,0.0,7
2023102204,515,0.0,0,46.2799987792969,46.2900009155273,10,5.107104343021568,1.4780066309311364,-0.05826980690724371,5.48820553550976,0.0,7
2023102204,567,1.4286,1,55.7900009155273,19.5300006866455,10,0.45880239078536544,1.2160580647314028,-0.1968275394580355,0.8558621384311875,1.0876,7
2023102204,639,0.0,0,100.050003051758,8.72000026702881,10,6.617109677196934,0.17692048370207997,-0.4907155448222057,11.86858879564036,0.0,7
2023102204,723,0.0,0,54.0099983215332,10.289999961853,11,6.3287060884103115,2.334031831696465,-0.3003406562362579,6.462507253380844,0.0,7
2023102204,777,0.4516,1,81.0999984741211,32.4300003051758,13,1.645143945768052,4.89155265201292,0.11258875205389526,3.88634790002131,0.0,7
2023102204,869,0.0,0,92.379997253418,41.3600006103516,10,4.652921754476402,1.7569550738706157,-0.41715144055636305,4.054750300573389,0.0,7
2023102204,894,0.1714,1,64.5100021362305,23.6800003051758,8,2.485840833779126,1.3823190106385335,-0.5588765878497586,0.5366563145999524,0.0,7
2023102204,924,0.0,0,39.4300003051758,6.8600001335144,12,6.099459214706549,0.8766416430317389,-0.1443367145813709,6.450062015205747,0.0,7
2023102204,1076,0.4853,1,112.169998168945,22.2999992370605,13,1.5802855125038164,0.39812253176271806,-0.7461969509715443,2.846225570821823,0.0,7
2023102204,1236,0.0,0,29.0100002288818,37.4300003051758,7,3.0095843573740684,1.9538931782318913,-0.0005302817699618687,4.315669125408017,0.0,7
2023102204,1403,0.0,0,68.7300033569336,4.69999980926514,7,3.3936591568918413,2.362819091886944,-0.37016832236769576,2.7772108310317396,0.0,7
2023102204,1433,0.9462,1,48.4199981689453,13.2600002288818,18,0.48104140004330687,2.301519437036865,-0.6573456306424582,7.400337830126406,0.0,7
2023102204,1481,0.0,0,66.1800003051758,35.4000015258789,14,5.783426083278363,0.5556962877869815,-0.7030860787819987,3.2190681881563212,0.0,7
2023102204,1511,0.0,0,79.5599975585938,39.0400009155273,6,3.061047806206455,0.963330075307031,-0.08115670412071752,1.7066048165875993,0.0,7
2023102204,1597,0.701,1,66.0500030517578,2.19000005722046,15,0.8969420421729325,0.9479472803160952,-0.5984578371119321,0.8075270893288969,0.0,7
2023102204,1733,0.6496,1,62.1199989318848,4.59999990463257,18,1.8217575354687097,0.42544196496811354,-0.10028487680868027,1.4806079832285062,0.0,7
2023102204,1799,0.6353,1,62.0900001525879,5.69000005722046,12,1.09416618895297,1.0242068503566648,-0.3353965970981867,1.6824089871371966,0.0,7
2023102204,1933,0.0,0,91.9300003051758,19.1000003814697,7,4.004809694757493,1.2369318912293903,-0.029572450548286475,3.369332278063412,0.0,7
2023102204,2055,0.0,0,55.1300010681152,28.3799991607666,7,4.122485808099067,0.31953019225743445,-0.1758546966179511,6.091182151274085,0.0,7
2023102204,2201,0.0,0,98.4400024414062,37.9599990844727,6,5.704780412037521,1.026111740485288,0.007209504971084631,3.479324647111851,0.0,7
2023102204,2246,1.0651,1,78.4300003051758,2.17000007629395,20,1.0499522141981936,0.47381447547075894,-0.13237766885797245,2.094588265029663,0.0,7
2023102204,2296,0.0,0,46.5499992370605,17.3299999237061,7,3.6505896305775036,0.2500007537842527,-0.35496037371534445,2.7371518043396854,0.0,7
2023102204,2321,0.6029,1,54.4599990844727,5.98000001907349,10,1.3277433451806493,1.084666551779841,-0.2997090870221922,4.084311447478021,0.0,7
2023102204,2630,0.0,0,19.8299999237061,46.0200004577637,7,8.964028471149602,1.0584895921430368,0.22125165665469917,4.048135373230494,0.0,7
2023102204,2660,0.0,0,5.75,2.5,18,5.299075391047008,5.39748089389856,0.32590394625577035,0.6209669878504002,0.0,7
2023102204,2832,0.4518,1,45.1300010681152,35.3199996948242,8,1.6772585963193274,1.3225721418182816,-0.2262310214397539,2.864349838968693,0.0,7
2023102204,2855,0.0,0,47.5099983215332,20.4599990844727,7,7.17302080159031,0.4891836629851961,-0.25374952286111857,6.652435644183266,0.0,7
2023102204,2928,0.0,0,91.8000030517578,24.9699993133545,8,9.24096558426196,9.302071682369098,-0.5086668326309967,5.106045436538926,0.0,7
2023102204,2992,0.0,0,68.2699966430664,51.75,16,3.864010634035956,0.4019946908313343,-0.6135450861361711,4.576559843375807,0.0,7
2023102204,3022,0.8087,1,58.5499992370605,45.1800003051758,10,1.2304467408748447,0.49819746191675174,0.5856489198394265,5.008203270635088,0.1065,7
2023102204,3063,0.0,0,36.6399993896484,3.40000009536743,10,3.2195802329692143,2.4016864316058335,0.5577300587051144,1.5920113064925077,0.0,7
2023102204,3251,0.0,0,101.470001220703,12.5600004196167,8,6.838166212245885,0.41593206779179054,0.5744502060685771,11.529687766804443,0.0,7
2023102204,3345,0.0,0,41.0800018310547,6.0,8,3.292779035164275,0.9355750224123944,0.574865731559415,2.3345235059857523,0.0,7
2023102204,3405,0.8985,2,74.1900024414062,51.5,22,1.936929628748758,2.0402182787648417,0.7419158703851599,1.2419742348374236,0.0,7
2023102204,3510,1.879,2,27.7399997711182,3.52999997138977,28,0.3206244051149701,0.9019977389305494,-0.24811611150884866,0.8514693182963204,0.0,7
2023102204,3616,0.0,0,96.620002746582,18.1200008392334,8,3.1128418670805122,0.6720091980865754,0.4764664917631855,4.055539421581306,0.0,7
2023102204,3797,0.155,1,77.0,48.6100006103516,10,2.570058664327796,1.4663216169970992,-0.5164402623045702,2.2299103120977706,0.0,7
2023102204,3849,1.4236,1,34.8899993896484,50.810001373291,28,0.32015754636500227,0.8626687961115067,-0.620007705679538,2.147673159491455,0.0,7
2023102204,4017,0.4458,1,30.7900009155273,44.0499992370605,12,2.019430930928614,0.7516644677297285,-0.6060813708196329,1.3780058055030102,0.0,7
2023102204,4074,0.0,0,29.1499996185303,6.51999998092651,9,5.692451508407212,2.622689827520831,-0.49550251437390525,2.6054174329653943,0.0,7
2023102204,4104,0.5243,1,32.0499992370605,44.4199981689453,8,1.427201301604626,1.6687738378313142,-0.6040593971382023,1.3231024147812622,0.5359,7
2023102204,4129,0.7465,1,49.9700012207031,2.40000009536743,19,0.7605907543448059,0.42438095066307824,-0.6998436116172019,0.7009279563550018,0.0,7
2023102204,4152,0.0143,1,36.8199996948242,34.9300003051758,7,2.9637982274206016,2.54574154705741,0.13934226329359717,1.0439348638684256,0.0,7
2023102204,4177,0.0,0,48.6300010681152,33.0400009155273,7,4.315598277037837,2.8911056536621187,-0.09681289919212603,2.632869157402241,0.0,7
2023102204,4202,0.0,0,65.5199966430664,27.5499992370605,12,7.79332913640459,1.14934844691623,0.154110704961529,6.4103198048147325,0.0,7
2023102204,4317,0.5958,1,88.75,46.6500015258789,12,1.212477445727875,1.1997071277545817,-0.605172426201283,1.8300273222004109,0.0,7
2023102204,4347,0.0,0,88.4000015258789,12.3599996566772,7,4.921146801367459,1.8439076377598782,-0.5240150756969396,2.4583937845674746,0.0,7
2023102204,4372,0.1915,1,94.5,33.8600006103516,9,2.5899040009960834,1.2840555887044454,0.1884984943214819,1.6446884203398557,0.0,7
2023102204,4452,0.0,0,113.900001525879,49.9500007629395,17,4.79001179066562,3.357739001166529,0.501750053256522,2.483646512690569,0.0,7
2023102204,4482,0.0437,1,106.480003356934,44.8699989318848,9,2.897995790552678,1.7977736475712371,-0.38742076817260385,3.064718584144384,0.0,7
2023102205,55,0.0,0,30.0699996948242,21.2999992370605,6,7.8277013861337155,0.9972466030798175,0.19232067234403952,5.5913951747305415,0.0,7
2023102205,80,0.2812,1,42.3699989318848,28.8400001525879,8,2.3025420330243414,0.09486852282107969,0.28978238852331173,1.7509426032854452,0.0,7
2023102205,256,0.0,0,89.1999969482422,0.819999992847443,19,3.9635310853218018,0.44294325127496254,0.7090627334212964,1.7017931719219117,0.0,7
2023102205,279,0.2605,1,71.9000015258789,14.3000001907349,9,2.2184684281617058,1.1771994571275564,0.2501143144762387,1.2731457104353736,0.0,7
2023102205,325,0.451,1,56.5999984741211,35.8199996948242,8,1.9691887516441826,0.32450071512056916,0.5484303580584181,2.160671192014191,0.337,7
2023102205,431,0.3169,1,19.2600002288818,37.560001373291,11,2.0491937374872164,0.5554291147092986,-0.1340887245739639,3.380000000000001,0.0,7
2023102205,478,0.336,1,13.3999996185303,33.2900009155273,8,2.251443046159797,2.365775836363959,0.36042123251159114,2.0983088428541663,0.0,7
2023102205,610,0.0,0,71.8600006103516,48.6699981689453,16,5.800248450910388,7.078092994547146,0.36444855388924186,0.9660745312862782,0.0,7
2023102205,644,0.0543,1,51.7799987792969,18.7700004577637,9,2.8547681205905944,1.1045369002064296,-0.07085469404576207,2.0017242567346796,0.0,7
2023102205,715,0.0,0,67.2600021362305,22.0,8,5.292577592211984,0.8100606975682633,-0.13281927428153623,5.639663110505804,0.0,7
2023102205,784,1.1084,1,98.2099990844727,47.3400001525879,24,0.9411154342050644,1.7962744725101347,-0.6483960354826972,0.8523496934944046,0.0,7
2023102205,870,0.0,0,80.5,20.4899997711182,7,3.780119047560932,2.3297423483048507,-0.48646322977175244,3.0280026420067694,0.0,7
2023102205,895,0.4581,1,77.1699981689453,16.1200008392334,6,1.6256062359822696,2.287377218318699,-0.2704717947687362,2.7104612153653855,0.1571,7
2023102205,968,0.0,0,44.6500015258789,25.8700008392334,6,4.065868469032636,1.9927856439682095,-0.2896713168427601,4.866086723435987,0.0,7
2023102205,1057,0.0,0,36.2200012207031,13.460000038147,7,4.956943428395674,3.922370767403688,-0.35598801765795185,2.5985572920372566,0.0,7
2023102205,1106,0.0,0,37.9300003051758,42.7299995422363,10,7.319631045063981,0.941115815222213,0.20626964833943282,8.557038038947818,0.0,7
2023102205,1180,0.6152,1,84.2200012207031,22.0699996948242,28,1.154511647215525,1.358306591184753,-0.8500221275862535,2.7789206537790903,0.0,7
2023102205,1234,0.0,0,92.2099990844727,24.3999996185303,5,6.217283334795418,4.441813160745185,-0.011551106552513573,2.523529274646916,0.0,7
2023102205,1326,1.2018,1,114.459999084473,47.9300003051758,14,0.574542675429728,0.9200535468406201,-0.20810514982994327,4.163039754794567,0.2459,7
2023102205,1432,0.0,0,89.3300018310547,20.5699996948242,8,6.670366864731727,0.6618930786110623,0.033399798572454155,3.5105127830560647,0.0,7
2023102205,1457,0.0,0,80.3300018310547,12.4099998474121,10,3.1411609175260917,2.012586960709388,-0.527664974633051,4.384905928295388,0.0,7
2023102205,1487,0.5414,1,18.8299999237061,24.5599994659424,32,2.008009344451587,2.0384309890739214,0.8574685176961292,2.0640978658968647,0.0,7
2023102205,1510,0.0,0,70.5599975585938,31.5599994659424,7,6.059181103662406,2.7402180594679084,0.4838815073399916,7.162080703259357,0.0,7
2023102205,1567,0.0,0,67.0699996948242,11.5699996948242,8,13.024438639721991,2.0302705300755033,-0.6263191254474471,11.570764883965102,0.0,7
2023102205,1590,0.0,0,63.9900016784668,17.7999992370605,8,7.786174263713847,2.6120498792206237,-0.1917593115335707,3.01681951730627,0.0,7
2023102205,1637,0.2816,1,41.8400001525879,50.9500007629395,12,2.356141684554676,0.6171717140985007,0.100515033085764,4.134646296843297,0.0,7
2023102205,1689,0.0,0,31.0,49.8699989318848,11,13.698762144759929,0.9454101560488483,0.0012728693893055627,11.823810722436312,0.0,7
2023102205,1749,0.4754,2,3.47000002861023,17.6900005340576,14,2.3214218966302806,1.0431684871910285,0.5024049011815399,1.0072239075796396,0.0,7
2023102205,1772,0.0,0,24.3400001525879,43.7000007629395,7,6.7524003402209125,2.0120131611024887,-0.4893955934404669,7.08130637665113,0.0,7
2023102205,1845,0.9053,1,39.060001373291,38.8699989318848,7,0.8637112016166141,0.6264173820826586,-0.356906476523568,4.237747042946282,0.5906,7
2023102205,1897,0.0,0,54.7599983215332,49.7700004577637,15,7.258457098915064,0.5656869354929667,-0.00910495683532008,5.0573708584599535,0.0,7
2023102205,2067,0.1604,1,80.5599975585938,33.0200004577637,7,2.5468610740620243,0.6449814336946331,0.149893253344413,1.5890248582070752,0.0,7
2023102205,2321,0.6352,1,79.0100021362305,6.01000022888184,10,1.5590065477797905,0.36055347705861224,-0.1363371733385994,2.5930676813380695,0.0,7
2023102205,2406,0.5318,1,36.8199996948242,44.7700004577637,15,1.4046348048289152,1.5520626701601659,-0.2850289001557731,1.1123398761170067,0.0,7
2023102205,2458,0.0,0,27.9200000762939,15.5600004196167,8,4.117596335566745,0.7600657158600095,-0.07162615836349562,4.831076484594297,0.0,7
2023102205,2613,0.8192,1,32.2400016784668,20.7399997711182,7,1.4060223763270843,0.27166151202315314,0.5724243564035366,1.964204673652929,0.1619,7
2023102205,2682,0.0,0,27.5799999237061,41.8800010681152,9,3.8885476056080983,1.1328282339968008,0.16406583629105467,8.977895076241424,0.0,7
2023102205,2707,0.0,0,18.0900001525879,48.2999992370605,11,5.059297727017136,1.4403130350013,-0.5831568600345182,1.5709869509324337,0.0,7
2023102205,2846,0.289,1,18.5,24.2199993133545,7,2.2398653960658375,1.9420088550905221,0.00712661903186461,0.8509406559801901,0.0,7
2023102205,3035,0.7202,1,31.9200000762939,32.0900001525879,8,0.8827795425609845,0.8769262880429124,0.41658578292772047,4.98317168076718,0.0728,7
2023102205,3147,0.0,0,40.5999984741211,48.3199996948242,10,12.252007928699442,0.311448386829482,-0.43929836562223296,10.128810394118355,0.0,7
2023102205,3293,0.0,0,66.6999969482422,41.5,7,4.505382848258783,0.9571807855163397,-0.20642142622821333,4.0761378779427995,0.0,7
2023102205,3318,0.6823,1,62.7599983215332,37.7999992370605,8,1.6455079464957878,0.677789199874287,0.5589402249710945,1.109414259868695,0.132,7
2023102205,3383,0.0,0,15.9899997711182,37.5299987792969,7,6.083955114421092,2.880626157403486,-0.12906294847538732,8.602813493270675,0.0,7
2023102205,3415,0.0,0,36.9500007629395,3.47000002861023,14,11.430018260687653,0.5249754720140327,-0.8177929422303466,4.86880888924591,0.0,7
2023102205,3671,0.9549,1,84.870002746582,27.3899993896484,7,1.1346348999607885,1.0127189433455637,0.4303139354107802,0.6706713054842842,0.6429,7
2023102205,3694,0.2989,1,84.5500030517578,32.4799995422363,6,2.2090741955124833,0.3821018755139075,0.08865154233217384,2.147556751287379,0.0,7
2023102205,3744,0.8108,1,72.4199981689453,14.1499996185303,9,0.880736456399371,0.24186595338699152,0.1763782973043827,2.680914023239085,0.1846,7
2023102205,3769,1.1706,1,59.2700004577637,47.310001373291,13,0.6860032224010532,1.0277161100392431,-0.5639694495302606,1.4893287078412167,0.0,7
2023102205,3821,0.7122,1,23.9200000762939,45.9700012207031,11,1.3901450991201836,1.5861912772253142,0.04891350028326708,1.0088111815399368,0.0,7
2023102205,3959,0.0,0,68.4700012207031,52.6199989318848,15,6.5620867106191065,4.802851765353489,0.45792144131094736,2.744157429886258,0.0,7
2023102205,3982,0.0,0,77.1100006103516,33.0400009155273,7,4.282487584155854,0.15524278884228354,0.397005358431377,9.487723646902877,0.0,7
2023102205,4063,0.1268,1,38.689998626709,47.3699989318848,11,2.7081526137252383,1.1871381708740647,-0.16924928809253223,2.7861981264798796,0.0,7
2023102205,4149,0.7962,1,13.8199996948242,28.5200004577637,6,0.9741658826249076,0.8919635911021284,0.32615508749937694,1.6911830178901388,0.6288,7
2023102205,4258,0.0,0,51.7299995422363,10.210000038147,12,3.7963802574804797,0.7102815832618243,0.5920586164608077,3.431850812608261,0.0,7
2023102206,55,0.0,0,89.7799987792969,35.560001373291,8,15.535522683261044,0.219543239504609,-0.29789605864884433,14.739891451432056,0.0,7
2023102206,105,0.0,0,74.3600006103516,16.5799999237061,10,4.523914150222825,5.192494112469648,0.4571905797185526,0.7640026177965602,0.0,7
2023102206,148,0.044,1,51.5900001525879,32.189998626709,7,2.8694430474766017,0.8122191315183562,-0.2859397226017429,2.439877046082447,0.0,7
2023102206,227,0.0,0,70.129997253418,29.6499996185303,7,4.982180270566331,3.738838786019246,0.029451079717208898,1.118302284715542,0.0,7
2023102206,401,0.0,0,70.2900009155273,16.8500003814697,8,5.967889783935865,1.4789870909671323,0.03011629197943602,3.2057604402075945,0.0,7
2023102206,524,0.3363,1,26.1200008392334,53.2400016784668,16,2.3365377400200886,1.1860035190641378,0.5281078879889594,0.7810889834071423,0.0,7
2023102206,598,0.0,0,31.9500007629395,31.1000003814697,8,9.631655825571247,0.8229818807398085,0.2706986268378214,5.808037534313982,0.0,7
2023102206,650,0.0,0,78.4100036621094,55.5099983215332,16,5.312522642990965,4.438424265542206,0.5112859405353148,1.6388410539158413,0.0,7
2023102206,673,0.0,0,74.2799987792969,49.5400009155273,11,6.810875047208916,0.902719598403662,0.046469652147388095,7.284263861228532,0.0,7
2023102206,746,0.0552,1,53.3600006103516,46.9000015258789,15,2.8342548888816252,2.683654061367943,-0.586826515318233,1.586726189359717,0.0,7
2023102206,853,0.0,0,39.060001373291,28.2800006866455,8,3.2704900809466126,1.7707075357916744,-0.14173266124893294,5.121406056933974,0.0,7
2023102206,1059,0.0,0,62.3400001525879,1.4099999666214,18,7.302773515514889,0.8485280531301627,0.7624873406868962,6.3918229011761545,0.0,7
2023102206,1184,0.0,0,81.8399963378906,43.4199981689453,9,11.851789722093255,2.1021165161981283,-0.5217143022043623,12.827349687289262,0.0,7
2023102206,1235,0.2812,1,45.2200012207031,5.07999992370605,13,2.1564774994629694,1.9209624417403977,-0.587429278889409,1.1808894952534668,0.0,7
2023102206,1443,0.0,0,44.439998626709,30.7000007629395,11,9.073174612865309,2.5386988862239077,-0.30690203853794595,3.915226685646691,0.0,7
2023102206,1517,0.0,0,30.2600002288818,34.2900009155273,8,3.380309964927094,2.963780710486949,0.22208922298301192,0.4534313619501807,0.0,7
2023102206,1606,0.0565,1,51.1699981689453,49.5400009155273,15,2.8304432239489414,2.0912447917585046,-0.779989857551889,1.483543056335068,0.0,7
2023102206,1658,0.0,0,70.3300018310547,23.6499996185303,9,4.271263741372981,1.5966515722879815,0.22402610860657854,4.097816491742889,0.0,7
2023102206,1786,0.774,1,88.0199966430664,36.9500007629395,9,1.73118479560121,0.7558409336491719,0.22852362337465296,1.543923573238001,0.4654,7
2023102206,1889,0.8012,1,26.6499996185303,51.560001373291,18,1.037402022183025,0.410486163820519,-0.460891225438001,0.7679192665899176,0.0,7
2023102206,1919,0.0173,1,13.1099996566772,7.34999990463257,20,2.9482195012738655,2.1346658942852272,-0.6340661165022257,1.7142053552593992,0.0,7
2023102206,2048,1.4069,2,41.1100006103516,22.3600006103516,8,0.6660338936283585,0.7334841172077232,-0.11875998456096647,1.7203778654702566,0.7381,7
2023102206,2097,0.0,0,17.4400005340576,40.9500007629395,7,4.913787062375937,0.5573143250426834,-0.4395930525627671,6.517054549411108,0.0,7
2023102206,2266,1.1669,2,76.0400009155273,50.3899993896484,22,0.8612789526787584,1.591131442584027,-0.8307589459780176,3.7334300582708106,0.0,7
2023102206,2364,0.0,0,76.2600021362305,20.0699996948242,7,13.505078515252277,1.321854995325409,-0.37805245653067576,14.25912339521613,0.0,7
2023102206,2387,0.0,0,83.0599975585938,21.8299999237061,8,6.378026974334005,2.424254832820093,-0.20359376391685355,3.0004333020415515,0.0,7
2023102206,2525,0.0,0,82.1699981689453,9.4399995803833,10,4.018853717610985,3.8356340714231134,-0.27054603764237,4.382145593199751,0.0,7
2023102206,2583,0.9888,1,77.0800018310547,28.0799999237061,9,0.6428045170174764,3.918700254377468,-0.21386581226770557,3.736268191658623,0.6374,7
2023102206,2699,0.0,0,56.9099998474121,27.7700004577637,6,8.165249603997497,2.05009752813815,-0.32807166308675073,7.598716996967313,0.0,7
2023102206,2748,0.4607,1,61.0200004577637,8.9399995803833,12,2.0088306587894538,0.47095599000915916,-0.35989265959470146,2.0663010429267064,0.0,7
2023102206,2895,0.4421,1,89.2699966430664,16.25,11,1.929375023728925,1.99361697948727,-0.4311599329974605,1.1884864324004767,0.0,7
2023102206,2918,0.0,0,84.9199981689453,29.7199993133545,8,5.5210975743045525,4.76765323962785,0.11754871275242933,1.1856221995222553,0.0,7
2023102206,2971,0.0,0,74.2300033569336,9.72000026702881,8,4.90800703495075,0.2692612580234542,0.022558332124162233,8.241868720138655,0.0,7
2023102206,2996,0.0,0,68.620002746582,46.1800003051758,10,4.947022067016718,3.6165179253398314,-0.3753689981591729,7.01231060350295,0.0,7
2023102206,3041,0.631,1,59.5499992370605,36.75,9,1.160775307006067,1.1715379398081096,0.0022722072444815375,1.1248555462813903,0.0,7
2023102206,3198,1.0197,1,74.4300003051758,18.6299991607666,8,1.2856523673152498,0.8973859785756981,0.7068359335237612,1.110855526159904,0.5556,7
2023102206,3239,0.0,0,35.7700004577637,39.75,8,3.3254323467737232,0.7624301925974455,0.1048606172782316,1.87949461292125,0.0,7
2023102206,3348,0.4163,1,60.0699996948242,50.1500015258789,15,1.751028522044191,1.8668149013705297,-0.7745780436276952,1.297112177107286,0.5092,7
2023102206,3422,0.0,0,89.0400009155273,4.6399998664856,16,3.4484336765478805,2.173130486399102,-0.6639739414782326,2.6915608854343267,0.0,7
2023102206,3476,0.0,0,93.0199966430664,36.5900001525879,6,5.582009727588106,1.8539981771118188,-0.5163784311460575,4.753535526321436,0.0,7
2023102206,3684,0.0,0,42.1199989318848,22.9200000762939,17,4.883286756030973,11.022387211950033,0.07178585425095835,2.3807561823924757,0.0,7
2023102206,3777,0.0,0,49.0099983215332,33.2799987792969,13,4.273755323034035,1.5277781251739846,-0.7376667900009755,5.773820225812368,0.0,7
2023102206,3894,0.1446,1,68.1500015258789,35.560001373291,9,2.566283332174247,3.0524068332367156,0.058583581597752725,2.3726145915424306,0.0,7
2023102207,55,0.0,0,54.1800003051758,29.9400005340576,7,3.3838590507282538,0.816087669599921,-0.024010180065415904,3.571792267195838,0.0,7
2023102207,80,0.0,0,71.4000015258789,45.6300010681152,12,6.686738911495771,1.797135186666223,-0.36022921048358253,8.42591241350158,0.0,7
2023102207,178,0.0,0,67.370002746582,9.42000007629395,12,3.964288078750232,0.2973223705821056,-0.34055112113229863,9.468621863819461,0.0,7
2023102207,272,0.0,0,100.290000915527,42.4500007629395,8,5.0505944749275855,2.5325479775165394,-0.48619389915060884,6.7380857815851565,0.0,7
2023102207,297,1.0709,1,77.1999969482422,5.21999979019165,22,0.34132275097187065,0.8768101023980828,-0.5945372769897179,2.6700187265260893,0.0,7
2023102207,415,0.0,0,66.3399963378906,38.939998626709,10,13.857633013169162,0.9211376702530296,0.01970686029106684,12.371746036837322,0.0,7
2023102207,473,0.0,0,29.8400001525879,35.0,14,4.611474960932535,4.664354339762414,0.2963943687541686,2.6854422354614136,0.0,7
2023102207,518,0.4601,1,25.8799991607666,20.2600002288818,7,2.011592257476676,0.6276950317289283,-0.15300722214557713,2.902412789387478,0.4018,7
2023102207,574,0.1845,1,64.9400024414062,48.3899993896484,11,2.446632660813458,1.3124428186972636,-0.5859509968436727,4.803758944826433,0.0,7
2023102207,631,0.0,0,14.210000038147,20.0599994659424,15,8.480925216044673,0.7877184426233446,-0.8490869501463215,4.625862081817832,0.0,7
2023102207,780,0.502,1,42.9199981689453,34.2599983215332,15,1.494124219683258,0.9626031280391112,-0.15361913628311502,3.050049179931369,0.0,7
2023102207,867,0.0,0,75.9899978637695,43.060001373291,9,11.433011505209553,0.667082345439675,-0.5871152521432018,12.732517425866723,0.0,7
2023102207,897,0.0,0,81.4499969482422,42.2700004577637,10,4.547628834364803,0.8505322807112925,-0.276941789592222,11.10463867039356,0.0,7
2023102207,1046,0.0,0,87.3000030517578,12.0699996948242,7,9.734076803406118,1.4727520339405917,-0.5498543839823361,9.489467845985894,0.0,7
2023102207,1206,0.8937,1,63.189998626709,26.4300003051758,7,1.0000010681156595,1.7311859220364614,-0.028526992828311296,1.6337686494727421,0.4225,7
2023102207,1276,0.0,0,78.0299987792969,31.1100006103516,9,3.356218195191226,0.902107483950489,-0.005345450490655369,1.2355565547557927,0.0,7
2023102207,1372,0.0,0,48.439998626709,6.71999979019165,14,4.610337332756652,3.3055243803578565,-0.6078738887269519,5.775430719868435,0.0,7
2023102207,1589,0.0,0,43.5900001525879,36.5499992370605,11,3.68169727534337,5.562921980515673,-0.3995174786004838,7.676066701117177,0.0,7
2023102207,1614,0.0,0,53.0299987792969,35.0699996948242,10,9.009884697010236,6.433445120095656,-0.2369610283812209,2.2801973598791836,0.0,7
2023102207,1695,0.0,0,67.8300018310547,5.21000003814697,9,5.086470620655303,4.514430678878989,0.41275031255416256,1.1676043850551479,0.0,7
2023102207,1718,0.0,0,75.5699996948242,44.2799987792969,16,7.1246200954948185,5.967353720947813,-0.6028654730543141,2.45120378589786,0.0,7
2023102207,1743,0.0,0,73.0899963378906,40.0699996948242,9,11.24217844422908,3.032787644598684,-0.5209012911054864,12.56874297612931,0.0,7
2023102207,1788,0.0,0,86.8899993896484,27.0699996948242,8,4.055132895666231,3.7009870155023314,-0.2059282651154469,3.2328934408668646,0.0,7
2023102207,1813,0.7307,1,115.26000213623,2.16000008583069,25,0.8077727695076089,0.9620796746340394,-0.46810289394529747,1.5071164520368034,0.0,7
2023102207,1914,0.0,0,79.9300003051758,30.5400009155273,11,4.215518095093381,4.02464824016116,-0.2165881378490756,4.051876108668679,0.0,7
2023102207,1959,0.0,0,74.1699981689453,22.9500007629395,10,5.541279462843465,5.521392772332534,-0.18573050673100297,1.2033287165193027,0.0,7
2023102207,2017,0.0,0,66.9000015258789,20.9200000762939,7,6.021637504261565,4.201774854123651,-0.19664986074191798,2.476933588128677,0.0,7
2023102207,2114,0.0,0,65.0199966430664,38.9799995422363,8,10.348040126833892,2.0813932176434182,-0.5829615457086265,10.783529106929695,0.0,7
2023102207,2139,0.0,0,50.3300018310547,27.7600002288818,10,6.943376944752068,3.649357919524462,-0.4406316660963797,5.060049406873414,0.0,7
2023102207,2387,0.0,0,40.060001373291,7.57999992370605,14,4.806764735325227,4.086672388127985,-0.6129921488420809,5.190298642660171,0.0,7
2023102207,2461,0.1975,1,68.1600036621094,3.40000009536743,21,2.60161580495926,1.6007781172801092,-0.6888109519489959,10.60453205002465,0.0,7
2023102207,2491,1.7431,2,94.3000030517578,34.7299995422363,15,0.20124905227055015,1.9800979512988992,-0.4842402021590093,4.281798687467693,0.0,7
2023102207,2638,0.0315,1,106.669998168945,10.0699996948242,9,2.905478981437863,2.0483172072098106,-0.3951004312218524,3.1219385003551783,0.0,7
2023102207,2757,0.0,0,97.7399978637695,31.1900005340576,6,9.534383276531853,2.530076909763073,-0.13384454674271035,7.186264676450478,0.0,7
2023102207,3005,0.0,0,97.1100006103516,39.810001373291,10,3.311224695082682,1.6397559212283959,-0.389272556286593,2.3036709834522857,0.0,7
2023102207,3052,0.0,0,94.8000030517578,29.5699996948242,7,5.023477384902863,2.486526510400274,0.03989867366403631,3.8685527009464376,0.0,7
2023102207,3097,0.2887,1,48.0800018310547,6.98000001907349,15,2.2332918167058486,1.6824404428502477,0.31395305348741226,3.3920053065996227,0.0,7
2023102207,3164,0.0,0,75.7699966430664,9.26000022888184,12,3.1749777646242583,3.579453234557669,-0.37858927764947786,5.950302513318123,0.0,7
2023102207,3452,0.6237,1,42.0200004577637,15.2299995422363,7,1.594239355019855,0.5824947530489274,0.37192114566746737,3.432855953866983,0.3269,7
2023102207,3530,0.0,0,48.6800003051758,30.0300006866455,6,3.0897405343854794,0.22203563796039755,-0.15690197621259536,6.820593815790528,0.0,7
2023102207,3624,0.7107,1,63.4599990844727,33.8800010681152,8,1.3778600072086087,0.6989270428538825,0.5406145054874144,2.4671643642043883,0.1074,7
2023102207,3647,0.0,0,70.2200012207031,38.2999992370605,6,7.512364173715028,1.1053513285151482,0.3576702951011944,3.9832775449370903,0.0,7
2023102207,3748,0.0,0,56.9799995422363,11.6599998474121,10,3.306508292538084,0.7034199511570295,0.13689589576205372,7.4311371942657605,0.0,7
2023102207,3887,0.5928,1,32.7799987792969,15.1300001144409,8,1.8278136643533591,1.6580119039574837,0.5015744723484548,1.2020815280171304,0.0034,7
2023102207,3953,0.0,0,39.1300010681152,25.9400005340576,7,7.530105175687195,1.0041908552078584,0.0588728003953179,6.582674228609523,0.0,7
2023102207,3978,0.4319,1,56.8600006103516,3.11999988555908,16,1.7275419251673423,0.9660742635674541,-0.11962560016764164,1.111980215651336,0.0,7
2023102207,4069,0.1425,1,61.4700012207031,48.2400016784668,12,2.5742166510574833,0.35170879769127367,-0.06509993280430454,6.21232645632858,0.0,7
2023102208,79,0.0,0,30.3799991607666,21.9400005340576,7,7.065954440819015,1.9183857123780006,-0.27414482770677123,5.991302028774713,0.0,7
2023102208,109,0.8408,1,66.2399978637695,4.84999990463257,23,1.065268481805647,1.39262371328836,-0.3175275731035928,1.2515989773086267,0.0,7
2023102208,156,0.0,0,69.2600021362305,10.7700004577637,7,11.958367477683858,0.4070620564816246,-0.48422467953291987,12.110363330635462,0.0,7
2023102208,186,0.1533,1,81.7300033569336,6.3600001335144,11,2.540174528871344,1.4653657818544161,-0.3367842858098124,1.7069856472741591,0.0,7
2023102208,425,0.0,0,83.8300018310547,20.2800006866455,6,8.666304272611681,3.012509188183597,-0.3734426610716606,7.179979108604701,0.0,7
2023102208,521,0.0,0,31.3299999237061,20.1900005340576,6,5.574370457706943,1.627544500208463,-0.19342224959706636,3.9265761166695863,0.0,7
2023102208,595,0.0,0,66.870002746582,46.0800018310547,9,7.544564080712649,0.7778206961834313,0.2999146297438246,4.102218911759832,0.0,7
2023102208,672,0.6829,1,35.8800010681152,4.26000022888184,21,0.951315164226982,1.1148548911063836,-0.7832803863703687,3.1662280397975135,0.0,7
2023102208,798,0.0,0,50.189998626709,43.6300010681152,10,4.411916345656109,2.113409438262844,-0.5597081096948933,6.00793641777275,0.0,7
2023102208,845,0.5436,1,62.6100006103516,32.8800010681152,6,1.7290459814894612,0.8590682620200094,-0.30565721088061765,1.4337712509323088,0.4167,7
2023102208,940,0.3528,1,29.6000003814697,36.7099990844727,7,2.195382493393383,0.8668343039538481,0.42315837850016613,1.5556349186104066,0.0,7
2023102208,1124,0.6264,1,43.3800010681152,36.1500015258789,6,1.432513777050373,1.0242057037587435,-0.19662855244652697,1.9384787850270664,0.4774,7
2023102208,1169,0.0,0,44.7299995422363,34.8699989318848,7,5.090323646313718,2.935098999017674,0.24983109183262575,3.2733010860597553,0.0,7
2023102208,1194,0.0,0,45.0099983215332,49.8699989318848,10,13.695504043289546,0.5507277317784868,0.15145105448640725,11.986763533164407,0.0,7
2023102208,1219,0.2882,1,49.7400016784668,39.1500015258789,7,2.157243555771169,0.5590148107151548,-0.29689658732317753,3.9091942903877266,0.0,7
2023102208,1278,0.0,0,60.060001373291,0.239999994635582,16,5.868092230861794,11.030163435662242,0.4654034530006376,2.538050432911055,0.0,7
2023102208,1350,0.0,0,102.400001525879,15.9200000762939,8,10.936714663700316,0.29614162346302103,-0.48390058068737823,10.355529923668806,0.0,7
2023102208,1494,0.0,0,38.6399993896484,35.5699996948242,21,4.887739813889617,5.736140271332551,0.6180772737128141,1.2881770064707727,0.0,7
2023102208,1555,0.0,0,36.4700012207031,14.8400001525879,9,8.562171402154654,1.1892852329176242,-0.7148744439829094,9.71100921634821,0.0,7
2023102208,1726,0.0,0,75.4800033569336,47.4900016784668,12,3.851880630324998,0.544514559925737,-0.7319537294036205,6.308763745774606,0.0,7
2023102208,1903,0.0,0,60.7000007629395,52.5,14,5.856766034005141,0.25317965748737004,-0.11176028942188138,13.084131610466164,0.0,7
2023102208,1940,0.0,0,59.5999984741211,37.7599983215332,8,9.975033676664511,1.2220063256153932,-0.5435191346852691,9.483801980218695,0.0,7
2023102208,1970,0.0,0,52.0,30.7600002288818,8,6.5223616428987325,0.8170678445949078,-0.38815042470355055,10.629002775425363,0.0,7
2023102208,2170,0.6892,1,46.4900016784668,3.6800000667572,27,0.9323638630524007,0.8900576985349097,-0.8097107274937241,1.1300000000000008,0.0596,7
2023102208,2193,0.0,0,70.6999969482422,27.0900001525879,10,4.032988488917701,0.9604657187958511,-0.10168122987491701,3.140334377100633,0.0,7
2023102208,2326,0.0,0,32.7099990844727,44.5699996948242,16,6.173263996193638,1.6970564474814984,-0.5928636942930289,12.706868221556403,0.0,7
2023102208,2469,0.0,0,51.810001373291,1.44000005722046,17,3.9859871655598287,0.600332022673262,-0.2944654661935833,2.1247588098417207,0.0,7
2023102208,2647,0.0547,1,91.0899963378906,6.44000005722046,10,2.8359337891297223,0.8928641141335079,-0.510176982509363,3.851752847730499,0.0,7
2023102208,2677,0.0,0,109.959999084473,49.3699989318848,21,4.944136538203917,0.3501438695337637,-0.5823670236883264,2.177544488638524,0.0,7
2023102208,2741,0.0,0,69.2200012207031,11.3999996185303,16,5.827178507626349,0.6328518723296701,-0.5766029023156525,4.476885077819178,0.0,7
2023102208,2851,0.0,0,53.3899993896484,43.4700012207031,11,7.4311899070781475,2.75856712188046,-0.696173545880162,8.024624601811599,0.0,7
2023102208,2876,0.0,0,48.7599983215332,8.64999961853027,15,3.481265273877802,2.678993424086623,0.655714622984172,1.0911461863563432,0.0,7
2023102208,2899,0.1677,1,44.2900009155273,5.42999982833862,13,2.6443342609915796,1.0530915668742264,-0.06086551388019807,5.881164850605701,0.0,7
2023102208,2973,1.5142,2,8.0600004196167,41.5800018310547,18,1.03004928878503,1.7711576658756236,-0.6884673226422237,1.571559734785796,0.0,7
2023102208,3059,0.0,0,36.4199981689453,12.7799997329712,8,5.524610431521671,2.374385132393433,-0.5687146615638018,6.802132018712959,0.0,7
2023102208,3179,0.0,0,54.2200012207031,45.5800018310547,12,3.832625114852876,0.7355274949352117,0.419678162824274,1.5579473675320379,0.0,7
2023102208,3287,0.0,0,80.370002746582,18.9400005340576,11,6.605124076007691,1.4792213056501708,-0.7037119564874043,3.914345411432155,0.0,7
2023102208,3429,0.0763,1,104.620002746582,34.8800010681152,7,2.802800761954862,0.38897114343323147,-0.048590071995593294,4.903600717839902,0.0,7
2023102208,3454,0.0,0,109.599998474121,23.3799991607666,6,3.332567865549764,3.6235348327912997,-0.20713069352609628,0.5948108943185229,0.0,7
2023102208,3518,0.0,0,79.8099975585938,45.75,11,4.830256350963383,0.7917680102386614,-0.20465447989986704,6.189668811818607,0.0,7
2023102208,3592,0.0,0,69.3899993896484,30.2000007629395,6,7.945816400257578,1.062308027809312,-0.24533266707589638,8.184601395303257,0.0,7
2023102208,3617,0.0,0,62.9500007629395,25.0400009155273,7,6.071343504586564,0.8620911798609724,-0.017226645183232005,6.6685080790233755,0.0,7
2023102208,3681,0.2248,1,46.0099983215332,40.689998626709,7,2.5423002187441286,1.2465148044526113,-0.6521769663419289,2.8410209432526172,0.0,7
2023102208,3801,0.0,0,34.1199989318848,24.4500007629395,8,11.323450308768201,1.896946202458367,-0.28516108336423734,12.03477045896597,0.0,7
2023102208,3899,0.4454,1,69.3499984741211,33.2299995422363,10,1.663732174521386,1.2379426353374676,-0.5750293033203764,4.150530086627481,0.0,7
2023102208,3926,1.6494,2,97.5899963378906,13.6199998855591,29,0.26925930293679484,1.2666922508185405,-0.7539304757392942,4.0698894333875995,0.0,7
2023102209,55,0.0,0,85.629997253418,47.1500015258789,10,3.617316611493048,2.4946714893656265,-0.5638489297643249,4.047530111067731,0.0,7
2023102209,225,0.0,0,30.3899993896484,46.1699981689453,9,3.301227604806193,0.40311205466597094,-0.021682502013331106,5.273272228891659,0.0,7
2023102209,277,0.0,0,45.2700004577637,29.2399997711182,11,6.276025905563023,1.6601202045719599,-0.10537141712807542,6.69487117127731,0.0,7
2023102209,366,0.0,0,85.0,15.8299999237061,10,3.608434518806442,1.9704060049959298,0.19416438934421598,2.4377243486497777,0.0,7
2023102209,480,0.0,0,91.1699981689453,4.65999984741211,12,4.5931488934287446,2.6432192940991035,-0.5666820075982951,3.651985761198971,0.0,7
2023102209,510,0.0,0,94.5299987792969,32.4599990844727,8,4.889540814330331,1.488087479184368,-0.028295225538597753,5.5915114235777015,0.0,7
2023102209,613,0.0,0,54.5900001525879,14.3400001525879,15,3.9341833144949834,2.2676200920696763,-0.6969672750308601,2.942872746144486,0.0,7
2023102209,687,0.0,0,43.5699996948242,15.7299995422363,7,4.102901198571499,2.7387948413905776,-0.1669929498315003,1.7376133056580743,0.0,7
2023102209,820,0.3071,1,46.0800018310547,24.2800006866455,8,2.241002647933689,0.9119753121853569,0.5083501624627835,1.920520762709946,0.0,7
2023102209,867,0.0,0,52.6500015258789,27.2399997711182,6,7.776296709561672,3.092198680609186,-0.23588828577076704,8.06613910120573,0.0,7
2023102209,912,0.0,0,58.8499984741211,28.7700004577637,7,5.821623385043251,2.339250424304749,-0.31104805045273093,1.9329769786523583,0.0,7
2023102209,937,0.0,0,36.0699996948242,40.4500007629395,13,6.286406579137549,1.7007353720272826,0.11240872381609526,4.532769572788803,0.0,7
2023102209,1084,0.0,0,40.2400016784668,23.9400005340576,6,3.8317215684233505,3.1582581219609414,0.02253604470334027,2.4357750306627186,0.0,7
2023102209,1131,0.0,0,52.810001373291,12.25,8,3.61365367548614,1.3619092330383575,-0.45701914775840785,2.985732740886234,0.0,7
2023102209,1239,0.0425,1,74.1399993896484,21.3199996948242,9,2.8725079457146756,2.42785847430209,-0.19922738251031927,4.37768203505006,0.0,7
2023102209,1264,0.7085,1,56.5699996948242,18.7999992370605,11,1.651303205535599,2.0349447759311654,0.011752268339246847,1.9075901027212343,0.0,7
2023102209,1289,0.3945,1,3.61999988555908,8.93000030517578,16,1.8166455409837186,2.7362200714189515,-0.4975045513964562,4.042190000482411,0.0,7
2023102209,1375,0.0,0,66.8600006103516,33.2200012207031,20,7.883432531828242,2.4501830413332026,-0.6945019538862808,3.8145117643022157,0.0,7
2023102209,1400,0.1071,2,111.699996948242,46.0,14,2.716024059971571,0.5060617295649921,0.18392047727897054,0.9984988733093245,0.0,7
2023102209,1445,0.0,0,105.559997558594,30.2399997711182,9,8.208839009073936,9.615874515701773,-0.4334507047835511,1.185116028074888,0.0,7
2023102209,1509,0.0,0,75.7799987792969,35.560001373291,10,5.543511555908083,1.2070205058698669,-0.28932161125986733,3.173168763239666,0.0,7
2023102209,1556,0.1775,1,66.7900009155273,9.06999969482422,11,2.467388246860012,0.5147824555706897,-0.4010315797412757,6.136489224304076,0.0,7
2023102209,1579,0.495,1,34.1100006103516,8.25,29,1.5148601404478321,1.9534589214552147,-0.815320323649501,1.7697739968707873,0.0,7
2023102209,1658,0.3846,1,48.2200012207031,3.07999992370605,14,1.8461027828715073,1.3946315664422906,-0.6922282864128004,1.5852129194527764,0.5632,7
2023102209,1688,0.0,0,61.1199989318848,20.9099998474121,7,5.7195894478134495,0.8900570557560307,0.09630922307954586,4.1264027917788155,0.0,7
2023102209,1731,0.0,0,51.2099990844727,6.42999982833862,11,13.040553066659507,1.790112569029348,-0.4693844494161687,11.49727793871228,0.0,7
2023102209,1776,0.0,0,97.4300003051758,26.2999992370605,9,4.590173609822492,3.9124543278865804,-0.3570658280567451,2.9071291680969282,0.0,7
2023102209,1808,0.0,0,59.2000007629395,31.4899997711182,12,5.123279748924805,2.5191474662283766,-0.05874441832565897,5.428526503573508,0.0,7
2023102209,1833,0.0,0,51.7099990844727,31.8600006103516,6,4.964482771102304,1.7098819375137104,-0.08652119861753495,5.661960791104085,0.0,7
2023102209,1865,0.2642,1,34.6500015258789,12.5200004577637,10,2.207351934667243,2.1009058388300983,-0.45919543142290276,4.666529759896531,0.0,7
2023102209,2105,0.0,0,85.1500015258789,42.7599983215332,9,15.33135335822258,1.3017702966178424,-0.6569662374685943,12.997218933294931,0.0,7
2023102209,2157,0.0,0,73.7300033569336,14.5500001907349,7,12.07270397153838,1.3136613052626018,-0.6121609590321129,10.310135789600446,0.0,7
2023102209,2182,0.0,0,55.0900001525879,29.1800003051758,10,6.967589594302973,2.3764049080208007,-0.6095247176518183,7.94345642651862,0.0,7
2023102209,2207,0.0,0,20.9799995422363,49.8600006103516,20,4.5003118042475885,3.2052463973576675,0.5736295194402314,2.5521167684884642,0.0,7
2023102209,2304,0.1586,1,31.9500007629395,20.1700000762939,6,2.55344919517881,1.7538536488147256,-0.1993200985184061,2.5738881094562,0.0,7
2023102209,2423,0.0,0,53.9500007629395,37.9900016784668,11,3.085856453149089,1.8404340049736554,-0.26886417530624257,3.0466539022343837,0.0,7
2023102209,2519,0.3926,1,96.8199996948242,45.9900016784668,17,1.8222238548610383,1.5915393052741207,-0.7220535560887354,1.6574679484080528,0.0,7
2023102209,2577,0.5344,1,113.800003051758,32.2599983215332,7,2.0240804955410203,1.381340176642292,0.5763456810787234,1.0690182411914189,0.3209,7
2023102209,2656,0.0,0,92.0599975585938,24.2700004577637,6,5.885573622654191,1.4367303656856114,-0.40177834439858234,4.7945177025431915,0.0,7
2023102209,2681,0.5026,1,77.0699996948242,34.1800003051758,12,1.4921457638960798,1.711285643446732,-0.7187755925094943,1.553319027115809,0.0,7
2023102209,2974,0.0,0,7.80000019073486,41.9799995422363,7,13.857362402642826,1.2298378038851532,-0.6247177286193474,12.826800068606355,0.0,7
2023102209,3026,0.0,0,45.6599998474121,5.36999988555908,22,4.0590884513944605,2.6564825524350075,0.6744226799719236,1.4066271716414391,0.0,7
2023102209,3123,0.0,0,65.8399963378906,13.5799999237061,10,6.168465293800667,0.7117582048278837,0.1513316555771907,4.807213329986514,0.0,7
2023102209,3148,0.4591,1,55.2000007629395,29.3500003814697,8,1.622745418473626,1.5754371496588833,-0.32613550896381044,3.551957206949433,0.0,7
2023102209,3253,0.0,0,27.5200004577637,10.0200004577637,11,3.954263137482058,2.4379704017001167,-0.26691180165546896,4.570525133942487,0.0,7
2023102209,3300,0.2218,1,39.2999992370605,29.3999996185303,8,2.548038618445061,0.7829431896043105,0.5245743056909546,2.8476305940202282,0.0,7
2023102209,3359,0.0,0,36.1599998474121,16.5300006866455,6,12.473211118390632,1.7791015920896887,-0.5702029859249829,11.391158852373188,0.0,7
2023102209,3384,0.846,1,66.5899963378906,50.1399993896484,15,1.3024964901861629,0.6753528989348462,0.2420059137424282,0.9226592003551491,0.0,7
2023102209,3427,0.0,0,84.5400009155273,13.3999996185303,9,3.2080688909235984,0.3676965180295596,-0.1755092404818456,3.9860005017561124,0.0,7
2023102209,3661,0.0,0,93.5899963378906,14.3100004196167,10,4.3924175234315035,1.5610928510016568,-0.5274217990993226,5.568357028783272,0.0,7
2023102209,3686,0.5233,1,98.9000015258789,17.3899993896484,12,2.0545553605330333,0.9518912481186511,-0.20156485202814434,4.515085824211985,0.0,7
2023102209,3770,0.9006,1,66.2699966430664,29.6100006103516,13,0.2983284834622178,0.8660800642815809,-0.631019138116431,1.904363410696603,0.4874,7
2023102209,3793,0.9472,2,63.2099990844727,4.57999992370605,15,1.1503912901901212,0.5103920465677151,0.29361769284549133,4.989849697135178,0.0,7
2023102209,3861,0.0,0,69.3000030517578,50.6100006103516,10,6.673967368042561,2.110664602898216,-0.4026744703773765,5.991135117821991,0.0,7
2023102209,3909,0.0,0,62.2700004577637,36.8800010681152,7,4.873693589038065,0.8023081954917164,0.07479416434825747,2.70647372054487,0.0,7
2023102209,4016,0.874,1,31.4799995422363,19.9899997711182,18,0.3780207032688538,2.9187159821776856,0.741334756524782,2.333173804070329,0.0,7
2023102210,196,0.4319,1,71.2600021362305,46.4799995422363,16,1.886002981951417,2.303843299438793,-0.37415557518481923,2.7204595200076045,0.0,7
2023102210,219,0.0,0,50.5900001525879,38.7799987792969,8,13.199366470855164,0.2884431709924068,0.5240529787073647,12.699232260258885,0.0,7
2023102210,244,0.0,0,61.0900001525879,14.3800001144409,10,6.124050767485077,2.0506096075864355,-0.6191840293098686,4.607439636066875,0.0,7
2023102210,274,0.0381,1,96.8499984741211,39.2700004577637,15,2.9316543673691493,0.5660400648214207,0.2813737398682712,3.879239616213466,0.0,7
2023102210,462,0.0,0,63.1599998474121,13.5699996948242,13,4.948464728041734,0.36138647755187975,0.623647062920728,6.507756910026686,0.0,7
2023102210,514,0.0,0,79.2099990844727,13.6999998092651,9,17.52996501446911,1.7824140117606782,-0.4315316098741791,17.617973776799648,0.0,7
2023102210,723,1.1307,1,17.8799991607666,48.9099998474121,17,0.6040703483192169,1.3092357963186232,-0.6676544536727949,3.2202484376209215,0.0,7
2023102210,775,0.0266,1,18.2299995422363,36.6699981689453,8,2.920222798039386,0.4750773991254295,0.6653707427177901,3.028828156234686,0.0,7
2023102210,837,0.1452,1,23.7000007629395,1.61000001430511,15,2.7002406225714632,2.1234873039239117,0.6591382973368252,3.9345901946708497,0.0,7
2023102210,932,0.0,0,59.75,27.8299999237061,7,5.352018236040875,3.354906894398177,-0.23218495024732788,5.420415113254695,0.0,7
2023102210,1011,0.0,0,49.4099998474121,37.8899993896484,8,3.8633917644866806,3.302075477130345,0.014879296326514758,4.774191030949638,0.0,7
2023102210,1125,0.1573,1,14.6099996566772,53.6199989318848,26,2.638256958727673,5.086943829477905,0.5346110786071484,3.1491586177898383,0.0,7
2023102210,1301,0.4764,1,50.1500015258789,50.2700004577637,14,1.5707944368905884,1.6131942111062245,-0.8345773161146468,8.740097253463492,0.0,7
2023102210,1331,0.2994,1,54.0,12.8400001525879,11,2.1019037623710366,2.564254125823285,0.25050309822742417,4.274119792425101,0.0154,7
2023102210,1401,0.0,0,88.9100036621094,7.30000019073486,9,3.2073075479546618,1.0900495307999838,-0.17696483357123063,4.785498929056401,0.0,7
2023102210,1448,0.5226,1,74.5500030517578,14.7600002288818,8,1.7640888505587025,0.6029924613596674,0.315051797094444,4.393688655332784,0.0,7
2023102210,1536,0.8091,1,49.8300018310547,48.5400009155273,15,0.5728020896355785,0.06708040159117155,0.010146589325728568,2.8736736070750966,0.0,7
2023102210,1583,0.7085,1,47.3699989318848,15.7700004577637,13,0.8746419677666782,1.0934346225006262,-0.6973256864938752,3.0800649343804443,0.1211,7
2023102210,1852,0.5041,1,59.6399993896484,3.61999988555908,23,1.487616159984662,0.3500006103516187,-0.7736963412775981,2.4257163890281976,0.0,7
2023102210,1882,0.0,0,61.7900009155273,48.75,12,5.161869390586107,1.5787651664147049,0.5372289387185069,2.1058252539087845,0.0,7
2023102210,1919,0.0,0,80.0299987792969,36.8699989318848,11,5.249953708408483,0.357771285839661,0.4386222473466102,4.134839779241757,0.0,7
2023102210,1944,0.5219,1,84.8600006103516,45.9799995422363,10,1.7325407495152514,0.4701056730912857,0.154605045374079,5.687635712666553,0.0,7
2023102210,1994,0.0,0,114.190002441406,49.4199981689453,26,3.0326553463450883,0.042429427959322696,0.5262067885875221,1.590220110550742,0.0,7
2023102210,2150,0.0,0,52.8899993896484,34.810001373291,12,3.241186619796526,0.5521767422351096,-0.29487479791370735,1.666763330530159,0.0,7
2023102210,2229,0.0,0,67.3600006103516,17.2600002288818,8,3.747238449120617,0.5738462240278388,0.39544696645353256,7.368161236020839,0.0,7
2023102210,2295,0.0,0,78.0800018310547,53.560001373291,17,4.209715551703014,2.1034514585165214,0.6223360054068104,3.3241540277189388,0.0,7
2023102210,2391,0.1933,1,98.2099990844727,45.1800003051758,11,2.420185024029819,0.7178430291525645,-0.4180705830884996,4.266204402041708,0.0,7
2023102210,2506,0.9558,1,81.8000030517578,20.7000007629395,8,0.2630620610409397,0.33955851447294677,-0.3777575098658023,2.3200215516240292,0.5365,7
2023102210,2606,0.0,0,84.8099975585938,39.9300003051758,7,5.498556787522606,2.139090494134285,-0.42665075560723537,5.347597591442344,0.0,7
2023102210,2653,0.0,0,99.879997253418,35.7400016784668,11,6.687137471692808,1.526105277336799,-0.13513733233524383,3.393302226445501,0.0,7
2023102210,2676,0.0559,1,103.73999786377,53.0999984741211,18,2.8324206111662305,2.1125596489255902,-0.5821042922241508,0.9302150289046068,0.0,7
2023102210,2800,0.0,0,57.6100006103516,11.2700004577637,10,3.0480977279135435,0.7705848216827657,-0.1277752475571461,2.7354158733179865,0.0,7
2023102210,2832,0.0,0,39.5900001525879,3.96000003814697,13,3.347909950526565,0.7849204831032004,0.02041793010456966,2.583118270617898,0.0,7
2023102210,2879,0.0,0,44.0900001525879,19.0300006866455,8,10.308491539035405,1.6865652521779282,-0.5317285792779621,10.176875748479986,0.0,7
2023102210,2904,1.0386,2,26.6200008392334,29.6200008392334,8,1.1676460426367217,1.3738278839836435,-0.5829904496155778,1.4603081866510241,0.3488,7
2023102210,2927,0.7181,1,30.8899993896484,37.560001373291,10,1.790448230906413,0.9166238003054266,-0.010446124718138605,1.832402794147616,0.0389,7
2023102210,2952,0.4929,2,19.1700000762939,39.5900001525879,8,2.1691011981070023,0.40311277764297254,0.15138731193199303,4.999399963995681,0.0,7
2023102210,3016,0.0,0,53.9199981689453,23.1299991607666,11,5.542608596089268,0.40311284388970425,0.06927707309467616,4.501244272420684,0.0,7
2023102210,3114,0.92,1,52.9199981689453,23.25,11,1.2253995382419982,0.49648928622024663,0.7014139976274214,0.8354639429682195,0.0,7
2023102210,3137,0.0,0,54.9900016784668,34.1399993896484,10,3.62106498269361,0.49010260617387297,0.1906084802846113,2.930273024822094,0.0,7
2023102210,3212,0.6144,1,34.0900001525879,35.3499984741211,9,1.529576530944436,0.69426372361104,0.3920019401806603,0.9513148795220197,0.0,7
2023102210,3237,1.6144,2,10.8900003433228,48.3499984741211,25,0.7170075436561668,0.5544378805378335,-0.8152211337519626,1.2119818480488878,0.0,7
2023102210,3338,0.8641,1,36.1599998474121,14.0900001525879,8,0.8969394389008277,0.2920618515351218,0.04457711072158606,2.8946847842209036,0.243,7
2023102210,3418,0.3863,1,48.6599998474121,15.960000038147,10,2.25088880624761,0.5575840244353003,-0.6612545540273904,4.806797270532638,0.0,7
2023102210,3441,0.4988,1,44.2200012207031,36.2900009155273,8,1.8321556727478687,0.6802925647360879,0.07473052973174522,2.4762269685955727,0.0106,7
2023102210,3510,0.0,0,52.9000015258789,15.6999998092651,10,3.4120361828962698,2.3272292117097626,0.009804961600760255,5.642269047112164,0.0,7
2023102210,3568,1.0068,2,97.0800018310547,10.0500001907349,25,0.8354637795087942,0.2647638874168214,-0.1328044378028961,1.0484750831564829,0.0,7
2023102210,3683,0.1672,1,79.3199996948242,19.4200000762939,9,2.4983992244419957,0.7072480319856663,0.20556166127173212,3.3337816365203103,0.0,7
2023102210,3748,0.4633,1,83.379997253418,43.560001373291,10,1.6101214553827152,1.5910972446409584,-0.2919159980723361,0.9708243919473823,0.0,7
2023102300,79,0.0,0,50.8600006103516,23.2399997711182,5,7.666269727675601,1.2193846817454668,0.2062370800145421,7.196561679024228,0.0,7
2023102300,104,0.2396,1,54.810001373291,19.9899997711182,5,2.4515290551519215,2.0940143832325306,0.39644183101886044,0.6300793600809372,0.0538,7
2023102300,131,0.0,0,54.7400016784668,8.77999973297119,11,8.16130061302921,2.110214329722784,-0.615432816229306,7.033078984342487,0.0,7
2023102300,161,0.0,0,37.8699989318848,47.0099983215332,15,3.5544887736352124,1.8334940047643982,-0.7232406597548626,2.9005689097140954,0.0,7
2023102300,191,0.0,0,34.560001373291,20.8700008392334,8,7.4606715955972085,2.451531719727422,-0.2746771354939764,7.4988665810240915,0.0,7
2023102300,328,0.0,0,25.1399993896484,26.8299999237061,8,7.635247699089656,1.0870606791276594,-0.28205296264827906,7.606023928439881,0.0,7
2023102300,353,0.0,0,33.6599998474121,14.039999961853,8,10.168623466093665,0.49517665138483713,0.09349611810011013,9.93289987868598,0.0,7
2023102300,378,0.1484,1,48.7599983215332,22.8099994659424,8,2.6420083882668766,1.691627743328948,0.1132374604663495,3.722069316925735,0.0,7
2023102300,449,0.0,0,75.7799987792969,32.6199989318848,13,4.599066356946061,1.755136672564956,-0.580720179501946,5.283370136570035,0.0,7
2023102300,542,0.6989,1,107.779998779297,15.6599998474121,14,1.2714153927146947,0.6248210095272998,-0.17808623020253359,4.0971819583708955,0.0,7
2023102300,628,0.2877,1,78.1900024414062,20.9200000762939,7,2.2804404251636345,0.5769759960819172,0.14461646194236874,5.083276502414574,0.0,7
2023102300,699,0.0,0,54.7200012207031,26.0599994659424,16,4.219975048732906,1.6046508252379177,-0.6997151190470059,3.246552017140646,0.0,7
2023102300,724,0.1388,1,36.6699981689453,16.5900001525879,13,2.5835823471982415,0.6037367844199671,-0.5761070956009547,2.432447327281727,0.0,7
2023102300,774,0.0,0,36.6300010681152,44.8899993896484,9,6.279650600942928,1.2600402837708138,-0.4249319498094511,7.53538983729442,0.0,7
2023102300,846,0.0,0,92.8000030517578,41.7599983215332,10,3.8643473116783698,1.3629752913789714,-0.4638167368669306,6.454424838821815,0.0,7
2023102300,966,0.1968,1,59.8899993896484,46.2099990844727,11,2.547958874764564,0.8902240599726983,-0.2726976020931041,2.651980392084372,0.0,7
2023102300,996,0.326,1,55.2599983215332,43.3300018310547,8,2.0220016586055523,1.2559037523773968,-0.606979754491861,3.9654760117796664,0.0624,7
2023102300,1134,0.512,1,41.5400009155273,37.6300010681152,13,1.4640010628208107,0.972675922241862,-0.05572212632539326,2.119811312357772,0.0,7
2023102300,1216,0.0451,1,3.10999989509583,9.86999988555908,12,2.8929224975086156,0.931343005253261,-0.4032894158280333,4.055724349607601,0.0,7
2023102300,1239,0.8953,1,9.8100004196167,26.5,7,0.31400630254583317,7.216266685478457,0.06091782469197318,1.0070253224224317,0.543,7
2023102300,1376,0.0173,1,54.4000015258789,33.3199996948242,13,2.948220576115698,1.9743339184112676,-0.7002983507122619,2.223083444227859,0.0,7
2023102300,1428,0.0,0,68.5100021362305,36.3300018310547,9,6.260069076108826,2.684862200223222,-0.008236198445835782,5.671155085165636,0.0,7
2023102300,1497,0.0,0,79.5199966430664,16.9300003051758,6,3.537057881149421,2.270201589903517,-0.21445756639529448,3.555629339512211,0.0,7
2023102300,1680,0.0,0,82.1999969482422,45.560001373291,12,3.5512358912063005,1.775186978663196,-0.19812173480476827,2.561581542719251,0.0,7
2023102300,1710,0.2855,1,77.4499969482422,38.0299987792969,9,2.1433608144839873,0.6888380356558857,-0.13972510516669256,2.205651831092115,0.0,7
2023102300,1735,0.0,0,73.0899963378906,27.2000007629395,6,7.484513946633226,0.6618935696531923,0.1619897918124512,9.786138155574953,0.0,7
2023102300,1790,0.3706,1,48.6199989318848,35.060001373291,16,1.8883043891782068,1.9833793485210782,-0.578266361787711,1.8402445489662542,0.0,7
2023102300,1937,0.0,0,39.3699989318848,21.8600006103516,8,3.7727055231111066,1.5814245682809736,0.4720243384506282,1.9404123273160263,0.0,7
2023102300,2159,0.0,0,72.9499969482422,35.5400009155273,14,4.83869498637318,1.950279089105145,-0.406586123887633,5.813776741499458,0.0,7
2023102300,2191,0.0,0,70.1699981689453,10.6499996185303,10,5.736634780570852,1.1882745225518867,-0.5337941172874481,6.817074152449863,0.0,7
2023102300,2238,0.0,0,59.689998626709,21.2700004577637,9,4.900295267668014,0.9144404800771364,0.4620168579995315,4.070626487409523,0.0,7
2023102300,2286,0.0,0,42.310001373291,43.6399993896484,13,5.10416645175671,1.4637295220674584,-0.1539908907574859,1.5469001260585682,0.0,7
2023102300,2470,0.3569,1,7.53999996185303,24.0599994659424,7,2.043526048061725,0.912633216226502,-0.5774071035672729,2.850438562747844,0.0,7
2023102300,2536,0.0,0,35.1500015258789,47.6599998474121,10,8.342001119346195,0.8458127256505924,-0.5666934853933474,4.335550714730487,0.0,7
2023102300,2561,0.4833,1,65.4599990844727,39.4199981689453,14,1.7628373423573584,1.6910656033282456,-0.6683558920085659,1.9615555052049913,0.0,7
2023102300,2705,0.0,0,92.2200012207031,13.0500001907349,9,5.744215716022594,1.6972929465045146,-0.6190062212713726,7.434245086086418,0.0,7
2023102300,2730,0.1017,1,75.1800003051758,21.5300006866455,12,2.6947534958700805,0.8205479219475809,0.27634591167194866,1.2303657992645967,0.0,7
2023102300,2777,0.0077,1,68.7600021362305,27.4599990844727,7,2.9785902255011543,1.493253795233117,-0.04750707968787889,2.7012034355079693,0.0,7
2023102300,2866,0.5285,1,33.7099990844727,50.9799995422363,22,1.9802281681723772,1.0135591098168852,0.428516363739723,1.4152384958020279,0.0,7
2023102300,2892,0.0,0,53.689998626709,48.1500015258789,9,5.2474185539279015,0.5742819135152588,0.2476621961515392,3.839752596196792,0.0,7
2023102300,2922,0.0,0,49.0900001525879,18.6200008392334,9,6.167593413265283,0.8045501409241035,-0.11281774417046951,6.721346591271721,0.0,7
2023102300,2995,0.0,0,36.5699996948242,10.5100002288818,8,12.468412257403992,1.7542238393906906,-0.4292076725105074,11.013627921806698,0.0,7
2023102300,3045,0.5552,1,51.5,40.1800003051758,13,1.33454114479051,0.9390421073337457,-0.3648080705078739,4.017785459678003,0.0,7
2023102300,3115,0.0,0,37.3600006103516,29.4400005340576,15,5.574584723499895,1.4001429119739754,-0.07544446531412774,8.437849252030993,0.0,7
2023102300,3221,0.0,0,40.7200012207031,33.9199981689453,9,3.4532572249154443,0.8958816567359418,0.283792295019886,4.489743867972868,0.0,7
2023102300,3253,0.0,0,48.189998626709,12.6599998474121,11,3.7170431161865345,2.3110613979637313,-0.42745549096791874,0.9732420048477166,0.0,7
2023102300,3278,0.0,0,50.7700004577637,18.6499996185303,9,4.5541190760092904,1.6337072239291566,0.2929184154801902,1.7084788555905492,0.0,7
2023102300,3325,0.0,0,66.4899978637695,10.75,9,3.9179605495932215,1.5628510133085416,-0.5668239993167642,6.765707649610639,0.0,7
2023102300,3350,0.2624,1,86.4000015258789,1.11000001430511,21,2.4816326605194736,1.219262245436819,0.5569830414391936,0.9228217596047422,0.0,7
2023102300,3391,0.0,0,88.1900024414062,10.6199998855591,11,3.3736057913554425,1.4762813294131885,-0.28824022070043126,2.904926849337167,0.0,7
2023102300,3421,0.0,0,74.0999984741211,17.6499996185303,10,3.5135308485111945,1.768755074753943,-0.6272321678331445,3.9514048134809086,0.0,7
2023102300,3539,0.4305,1,40.6500015258789,21.7600002288818,14,1.7083632473946426,4.634565588748659,0.17105146606299357,2.605724467398653,0.0,7
2023102300,3622,0.5095,1,49.6100006103516,21.4899997711182,11,1.4713934577742471,0.28999938964849087,-0.2904058598259698,1.2621014222319829,0.0,7
2023102300,3669,0.0,0,52.2400016784668,33.7999992370605,6,4.219014684622577,2.1246157985064267,0.04740429575621076,3.5501267583003275,0.0,7
2023102300,3697,0.0,0,59.0099983215332,44.5200004577637,11,4.965180277860372,0.7209024686222698,-0.49410542022642506,8.048863273779718,0.0,7
2023102300,3729,0.3676,1,70.879997253418,13.6199998855591,16,1.8970783140036733,1.3017319008843442,-0.47742807665624115,2.4812899870833305,0.0,7
2023102300,3873,0.9199,1,58.7099990844727,33.4700012207031,10,0.24041652140004857,0.4770729847883589,-0.4184637423891747,6.391126661239001,0.7039,7
2023102300,3896,0.1334,1,61.2799987792969,28.6700000762939,8,2.599787344525879,0.8178618593238229,-0.32669680923183875,3.926232290631819,0.0,7
2023102300,3921,0.0,0,54.0900001525879,40.5499992370605,8,3.006560190800954,0.6090163382613111,0.1548679167529205,4.213751297834272,0.0,7
2023102300,3969,0.9104,1,30.9300003051758,23.4799995422363,14,0.2687004689554916,0.8935882908642183,-0.19004290657989023,4.974706021464991,0.4662,7
