nfl_id,player_name,player_position,targets,catches,catch_rate,avg_crp,high_pressure_pct,avg_air_yards,expected_catch_rate,avg_yards,croe_v3,rank
46118,Dallas Goedert,TE,15,10,0.6667,0.306,0.2667,15.4,0.4916,12.2,0.1751,1
55133,Rashid Shaheed,WR,22,15,0.6818,0.3454,0.3182,31.5455,0.5315,23.0,0.1504,2
53556,Kylen Granson,TE,15,9,0.6,0.3937,0.5333,20.4,0.4559,14.8,0.1441,3
54473,Drake London,WR,46,32,0.6957,0.2971,0.3043,19.5217,0.5574,14.0217,0.1382,4
53506,Josh Palmer,WR,23,15,0.6522,0.4483,0.3913,20.8261,0.5161,18.6522,0.1361,5
55959,Michael Wilson,WR,27,18,0.6667,0.2658,0.2963,16.5926,0.5322,14.7037,0.1344,6
52430,Justin Jefferson,WR,52,37,0.7115,0.3239,0.3654,19.2115,0.5939,16.4231,0.1176,7
53518,Nico Collins,WR,44,33,0.75,0.3096,0.2045,19.4773,0.6329,19.6818,0.1171,8
44835,Evan Engram,TE,18,10,0.5556,0.5258,0.4444,15.7222,0.439,9.6667,0.1166,9
46109,Courtland Sutton,WR,34,23,0.6765,0.4237,0.4118,21.5588,0.5694,15.0588,0.1071,10
42347,Amari Cooper,WR,61,37,0.6066,0.3882,0.3443,19.623,0.4997,15.6557,0.1068,11
52425,CeeDee Lamb,WR,64,45,0.7031,0.3414,0.3438,19.4531,0.5977,16.1719,0.1054,12
43336,Michael Thomas,WR,19,12,0.6316,0.48,0.5263,17.6842,0.5422,12.0,0.0894,13
54553,Jalen Tolbert,WR,15,7,0.4667,0.3126,0.2667,22.7333,0.3774,10.9333,0.0892,14
53435,Jaylen Waddle,WR,42,30,0.7143,0.3468,0.4048,18.619,0.6317,14.381,0.0826,15
55965,Tre Tucker,WR,19,12,0.6316,0.2807,0.3158,26.2105,0.5503,15.7368,0.0813,16
44896,Chris Godwin Jr.,WR,45,29,0.6444,0.2744,0.2667,17.3111,0.5698,12.4222,0.0747,17
52536,Gabe Davis,WR,38,23,0.6053,0.3105,0.2895,21.2632,0.5307,14.1579,0.0745,18
52433,Brandon Aiyuk,WR,60,44,0.7333,0.2781,0.3,18.4,0.6613,17.4333,0.072,19
55944,Josh Downs,WR,18,11,0.6111,0.2388,0.3333,19.8889,0.5428,16.7778,0.0683,20
48097,Jakobi Meyers,WR,46,27,0.587,0.3651,0.3696,15.7391,0.52,10.3913,0.0669,21
55915,Jayden Reed,WR,34,19,0.5588,0.3321,0.2941,23.0,0.4919,15.3824,0.0669,22
55884,Jaxon Smith-Njigba,WR,20,13,0.65,0.322,0.35,20.95,0.5838,13.3,0.0662,23
41238,Odell Beckham,WR,28,15,0.5357,0.251,0.2143,21.1429,0.4725,12.4286,0.0633,24
52423,Jerry Jeudy,WR,35,20,0.5714,0.3329,0.2857,23.8,0.5091,13.6286,0.0623,25
54481,Jahan Dotson,WR,28,17,0.6071,0.373,0.3214,17.0,0.546,10.5357,0.0611,26
55938,Jalin Hyatt,WR,18,8,0.4444,0.6061,0.6667,32.2222,0.3856,15.2222,0.0589,27
46226,Tyler Conklin,TE,18,11,0.6111,0.314,0.2778,18.1111,0.5544,13.5556,0.0567,28
46093,DJ Moore,WR,51,31,0.6078,0.3528,0.3333,20.7255,0.5518,13.902,0.056,29
53434,Ja'Marr Chase,WR,47,29,0.617,0.3633,0.3404,19.6383,0.5648,15.0426,0.0522,30
46155,Mark Andrews,TE,18,13,0.7222,0.2887,0.3333,14.3333,0.672,15.0,0.0503,31
40011,Travis Kelce,TE,33,23,0.697,0.217,0.2424,15.0,0.6468,14.9394,0.0501,32
53439,DeVonta Smith,WR,44,30,0.6818,0.2718,0.25,22.5682,0.6347,15.8636,0.0471,33
56024,Dontayvion Wicks,WR,26,18,0.6923,0.1846,0.1923,15.3462,0.6492,14.0385,0.0431,34
56042,Puka Nacua,WR,55,34,0.6182,0.2922,0.3091,17.8909,0.5782,14.1091,0.04,35
47819,Deebo Samuel Sr.,WR,24,17,0.7083,0.2858,0.4167,17.2917,0.6694,16.7917,0.0389,36
44852,Curtis Samuel,WR,19,14,0.7368,0.3407,0.3158,17.9474,0.6995,15.8421,0.0374,37
54594,Jake Ferguson,TE,19,11,0.5789,0.4383,0.4211,16.9474,0.5422,12.6842,0.0368,38
53541,Amon-Ra St. Brown,WR,44,31,0.7045,0.2177,0.1818,17.9545,0.6682,17.0682,0.0364,39
44930,Josh Reynolds,WR,36,24,0.6667,0.2703,0.2778,15.8611,0.6309,13.3056,0.0357,40
44881,Cooper Kupp,WR,25,11,0.44,0.3774,0.4,20.6,0.4049,13.36,0.0351,41
46130,D.J. Chark,WR,33,20,0.6061,0.3261,0.2424,20.6061,0.5716,13.0606,0.0345,42
54517,George Pickens,WR,50,30,0.6,0.3109,0.32,18.7,0.566,16.48,0.034,43
41233,Mike Evans,WR,66,34,0.5152,0.337,0.2879,21.8333,0.4848,13.7273,0.0303,44
47834,A.J. Brown,WR,57,36,0.6316,0.3547,0.2982,20.4737,0.6043,14.3509,0.0272,45
45185,Kendrick Bourne,WR,18,8,0.4444,0.2581,0.2222,22.9444,0.4189,8.3333,0.0255,46
46116,Christian Kirk,WR,32,19,0.5938,0.2596,0.2188,18.75,0.5691,14.6562,0.0247,47
55887,Jordan Addison,WR,46,29,0.6304,0.3359,0.3261,19.1304,0.6078,14.1087,0.0226,48
46206,Dalton Schultz,TE,27,15,0.5556,0.2716,0.2593,15.7407,0.5366,10.5556,0.019,49
53456,Rashod Bateman,WR,26,14,0.5385,0.3175,0.2692,21.7692,0.5219,8.3462,0.0165,50
43454,Tyreek Hill,WR,77,54,0.7013,0.2487,0.2468,19.7662,0.6851,18.0649,0.0162,51
52451,Cole Kmet,TE,16,11,0.6875,0.2767,0.3125,19.75,0.6723,17.8125,0.0152,52
42357,DeVante Parker,WR,25,13,0.52,0.3943,0.4,21.04,0.5068,10.0,0.0132,53
42489,Stefon Diggs,WR,54,32,0.5926,0.3172,0.3148,18.8889,0.5808,11.5185,0.0118,54
55934,Tank Dell,WR,40,24,0.6,0.2434,0.275,21.35,0.5906,13.325,0.0094,55
52442,Michael Pittman,WR,39,22,0.5641,0.2552,0.2308,15.2308,0.5547,12.0769,0.0094,56
40488,Adam Thielen,WR,46,28,0.6087,0.2052,0.1957,15.2391,0.6001,11.1739,0.0086,57
43396,Chris Moore,WR,17,10,0.5882,0.5181,0.5294,22.9412,0.5804,14.4118,0.0078,58
46095,Calvin Ridley,WR,65,36,0.5538,0.334,0.3077,19.3538,0.5479,10.8154,0.006,59
43324,Hunter Henry,TE,20,13,0.65,0.4055,0.4,15.0,0.6457,9.85,0.0043,60
47859,Terry McLaurin,WR,55,28,0.5091,0.4808,0.4364,21.3273,0.5085,11.0182,0.0006,61
42412,Tyler Lockett,WR,38,24,0.6316,0.3239,0.3421,19.9211,0.6321,11.9737,-0.0005,62
54608,Chig Okonkwo,TE,17,10,0.5882,0.3107,0.2941,17.4706,0.5898,10.2941,-0.0015,63
54475,Garrett Wilson,WR,54,26,0.4815,0.501,0.4815,18.537,0.483,10.5926,-0.0015,64
43415,Demarcus Robinson,WR,16,10,0.625,0.1623,0.125,18.4375,0.6266,15.3125,-0.0016,65
46213,Justin Watson,WR,32,15,0.4688,0.4,0.3125,23.5,0.4706,11.625,-0.0018,66
54613,Khalil Shakir,WR,16,12,0.75,0.2436,0.25,18.625,0.7537,20.3125,-0.0037,67
54518,Alec Pierce,WR,35,16,0.4571,0.5605,0.6286,21.8571,0.4646,11.5143,-0.0075,68
54476,Chris Olave,WR,62,32,0.5161,0.3067,0.2581,22.4516,0.5239,11.3226,-0.0077,69
44912,Jonnu Smith,TE,17,10,0.5882,0.3263,0.3529,14.8824,0.5988,12.9412,-0.0106,70
55920,Rashee Rice,WR,20,13,0.65,0.2516,0.3,15.35,0.6624,14.0,-0.0124,71
41246,Brandin Cooks,WR,34,21,0.6176,0.3389,0.3529,17.9118,0.6303,12.7647,-0.0126,72
46150,Michael Gallup,WR,21,10,0.4762,0.4804,0.4286,20.5238,0.4929,11.0952,-0.0167,73
47954,Darius Slayton,WR,30,15,0.5,0.4319,0.3667,21.6667,0.5175,13.7333,-0.0175,74
54597,Romeo Doubs,WR,39,20,0.5128,0.3974,0.359,20.2821,0.535,9.5385,-0.0221,75
39973,DeAndre Hopkins,WR,63,34,0.5397,0.3718,0.3651,21.5873,0.5627,12.6508,-0.023,76
55889,Dalton Kincaid,TE,16,10,0.625,0.2142,0.25,17.1875,0.6498,13.875,-0.0248,77
40024,Keenan Allen,WR,46,28,0.6087,0.177,0.1957,19.2826,0.6352,13.6304,-0.0265,78
42363,Nelson Agholor,WR,18,12,0.6667,0.2576,0.2222,16.5,0.6934,10.9444,-0.0267,79
47847,DK Metcalf,WR,47,27,0.5745,0.3496,0.3404,18.8085,0.6017,15.1489,-0.0272,80
53433,Kyle Pitts,TE,44,22,0.5,0.217,0.1818,17.3636,0.5366,8.6591,-0.0366,81
44841,David Njoku,TE,18,8,0.4444,0.3259,0.3889,17.0556,0.4819,10.4444,-0.0374,82
43344,Tyler Boyd,WR,27,18,0.6667,0.3674,0.3333,14.1481,0.7058,13.9259,-0.0392,83
47808,Marquise Brown,WR,39,17,0.4359,0.4412,0.5128,20.5128,0.4759,7.9487,-0.04,84
53486,Tutu Atwell,WR,31,16,0.5161,0.2604,0.1935,19.2903,0.5607,11.5161,-0.0445,85
44959,George Kittle,TE,38,25,0.6579,0.2833,0.2368,17.1316,0.7031,17.2105,-0.0452,86
52581,Darnell Mooney,WR,17,8,0.4706,0.4002,0.3529,22.7059,0.5192,11.2353,-0.0487,87
47849,Diontae Johnson,WR,41,18,0.439,0.3589,0.3415,20.1951,0.4912,10.4878,-0.0522,88
41282,Davante Adams,WR,65,33,0.5077,0.2879,0.2308,19.5231,0.5633,9.2462,-0.0556,89
54477,Jameson Williams,WR,22,11,0.5,0.3913,0.4091,24.6818,0.5558,13.1818,-0.0558,90
55886,Zay Flowers,WR,32,17,0.5312,0.2158,0.2188,23.2188,0.5897,14.5625,-0.0585,91
55939,Cedric Tillman,WR,17,7,0.4118,0.3964,0.4118,18.5882,0.4704,6.2941,-0.0586,92
55899,Sam LaPorta,TE,34,19,0.5588,0.2899,0.2647,14.8529,0.6201,12.0294,-0.0613,93
54483,Treylon Burks,WR,16,6,0.375,0.5732,0.4375,28.4375,0.445,10.9375,-0.07,94
56075,DeMario Douglas,WR,22,10,0.4545,0.2775,0.2727,21.0455,0.526,10.7727,-0.0715,95
54499,Christian Watson,WR,22,10,0.4545,0.3221,0.3182,25.8636,0.5301,12.2273,-0.0756,96
54520,Trey McBride,TE,22,14,0.6364,0.3408,0.3182,17.6818,0.7159,12.9091,-0.0795,97
46277,Cedrick Wilson Jr.,WR,20,9,0.45,0.3016,0.4,16.45,0.5404,9.2,-0.0904,98
52584,K.J. Osborn,WR,30,17,0.5667,0.2713,0.2667,16.5667,0.6575,11.8333,-0.0908,99
42547,Darren Waller,TE,17,9,0.5294,0.3277,0.3529,17.5882,0.6227,10.6471,-0.0932,100
45052,Noah Brown,WR,26,13,0.5,0.1684,0.1923,19.8846,0.5992,14.4231,-0.0992,101
55885,Quentin Johnston,WR,28,11,0.3929,0.3217,0.3929,22.7143,0.4937,8.4286,-0.1008,102
47791,T.J. Hockenson,TE,30,17,0.5667,0.3356,0.4,17.2,0.6675,11.7333,-0.1008,103
52441,Tee Higgins,WR,35,16,0.4571,0.3461,0.3429,18.0571,0.5634,10.5714,-0.1062,104
44849,Zay Jones,WR,28,9,0.3214,0.3659,0.2857,20.1786,0.4281,5.0357,-0.1067,105
52465,Van Jefferson,WR,23,7,0.3043,0.324,0.3043,23.6522,0.4113,5.0435,-0.107,106
53463,Elijah Moore,WR,45,19,0.4222,0.1764,0.1778,18.3556,0.5316,8.3778,-0.1093,107
46705,Allen Lazard,WR,25,12,0.48,0.2959,0.2,17.52,0.6177,8.32,-0.1377,108
56056,Trey Palmer,WR,28,11,0.3929,0.3901,0.3571,20.7143,0.536,8.5357,-0.1431,109
48646,Greg Dortch,WR,15,5,0.3333,0.3727,0.2667,17.1333,0.4815,4.8,-0.1481,110
55904,Jonathan Mingo,WR,28,7,0.25,0.1055,0.1071,20.2857,0.3999,6.0357,-0.1499,111
39989,Robert Woods,WR,28,13,0.4643,0.3281,0.3214,16.2143,0.625,7.6786,-0.1607,112
46243,Marquez Valdes-Scantling,WR,25,10,0.4,0.2284,0.2,24.32,0.5616,9.2,-0.1616,113
